date,net,rounded_to_zero,n_signals,test_year,net_stress
2013-07-01,-565.25,0,1,2013-2014,-612.75
2013-07-02,-845.0,0,1,2013-2014,-895.0
2013-07-05,0.0,0,0,2013-2014,0.0
2013-07-08,0.0,0,0,2013-2014,0.0
2013-07-09,0.0,0,0,2013-2014,0.0
2013-07-10,0.0,0,0,2013-2014,0.0
2013-07-11,0.0,0,0,2013-2014,0.0
2013-07-12,0.0,0,0,2013-2014,0.0
2013-07-15,0.0,0,0,2013-2014,0.0
2013-07-16,0.0,0,0,2013-2014,0.0
2013-07-17,0.0,0,0,2013-2014,0.0
2013-07-18,-690.0,0,1,2013-2014,-790.0
2013-07-19,0.0,0,0,2013-2014,0.0
2013-07-22,0.0,0,0,2013-2014,0.0
2013-07-23,0.0,0,0,2013-2014,0.0
2013-07-24,-490.0,0,1,2013-2014,-590.0
2013-07-25,0.0,0,0,2013-2014,0.0
2013-07-26,0.0,0,0,2013-2014,0.0
2013-07-29,0.0,0,0,2013-2014,0.0
2013-07-30,0.0,0,0,2013-2014,0.0
2013-07-31,-1916.25,0,1,2013-2014,-2003.75
2013-08-01,0.0,0,0,2013-2014,0.0
2013-08-02,0.0,0,0,2013-2014,0.0
2013-08-05,0.0,0,0,2013-2014,0.0
2013-08-06,-840.0,0,1,2013-2014,-940.0
2013-08-07,0.0,0,0,2013-2014,0.0
2013-08-08,0.0,0,0,2013-2014,0.0
2013-08-09,0.0,0,0,2013-2014,0.0
2013-08-12,0.0,0,0,2013-2014,0.0
2013-08-13,0.0,0,0,2013-2014,0.0
2013-08-14,0.0,0,0,2013-2014,0.0
2013-08-15,287.5,0,1,2013-2014,225.0
2013-08-16,0.0,0,0,2013-2014,0.0
2013-08-19,0.0,0,0,2013-2014,0.0
2013-08-20,-792.0,0,1,2013-2014,-872.0
2013-08-21,0.0,0,0,2013-2014,0.0
2013-08-22,681.75,0,1,2013-2014,614.25
2013-08-23,0.0,0,0,2013-2014,0.0
2013-08-26,0.0,0,0,2013-2014,0.0
2013-08-27,0.0,0,0,2013-2014,0.0
2013-08-28,-592.0,0,1,2013-2014,-672.0
2013-08-29,-1266.5,0,1,2013-2014,-1351.5
2013-08-30,0.0,0,0,2013-2014,0.0
2013-09-03,0.0,0,0,2013-2014,0.0
2013-09-04,426.0,0,1,2013-2014,366.0
2013-09-05,-540.5,0,1,2013-2014,-598.0
2013-09-06,-870.0,0,1,2013-2014,-920.0
2013-09-09,605.0,0,1,2013-2014,555.0
2013-09-10,0.0,0,0,2013-2014,0.0
2013-09-11,0.0,0,0,2013-2014,0.0
2013-09-12,0.0,0,0,2013-2014,0.0
2013-09-13,0.0,0,0,2013-2014,0.0
2013-09-17,0.0,0,0,2013-2014,0.0
2013-09-18,-890.0,0,1,2013-2014,-990.0
2013-09-19,0.0,0,0,2013-2014,0.0
2013-09-20,624.0,0,1,2013-2014,559.0
2013-09-23,-474.0,0,1,2013-2014,-534.0
2013-09-24,0.0,0,0,2013-2014,0.0
2013-09-25,0.0,0,0,2013-2014,0.0
2013-09-26,-544.0,0,1,2013-2014,-629.0
2013-09-27,0.0,0,0,2013-2014,0.0
2013-09-30,0.0,0,0,2013-2014,0.0
2013-10-01,88.0,0,1,2013-2014,8.0
2013-10-02,0.0,0,0,2013-2014,0.0
2013-10-03,816.75,0,1,2013-2014,749.25
2013-10-04,756.25,0,1,2013-2014,693.75
2013-10-07,0.0,0,0,2013-2014,0.0
2013-10-08,1127.0,0,1,2013-2014,1057.0
2013-10-09,0.0,0,0,2013-2014,0.0
2013-10-10,1255.0,0,1,2013-2014,1205.0
2013-10-11,7.25,0,1,2013-2014,-65.25
2013-10-14,0.0,0,0,2013-2014,0.0
2013-10-15,0.0,0,0,2013-2014,0.0
2013-10-16,408.25,0,1,2013-2014,350.75
2013-10-17,306.0,0,1,2013-2014,221.0
2013-10-18,0.0,0,0,2013-2014,0.0
2013-10-21,0.0,0,0,2013-2014,0.0
2013-10-22,-28.0,0,1,2013-2014,-98.0
2013-10-23,-712.0,0,1,2013-2014,-792.0
2013-10-24,0.0,0,0,2013-2014,0.0
2013-10-25,0.0,0,0,2013-2014,0.0
2013-10-28,0.0,0,0,2013-2014,0.0
2013-10-29,0.0,0,0,2013-2014,0.0
2013-10-30,0.0,0,0,2013-2014,0.0
2013-10-31,0.0,0,0,2013-2014,0.0
2013-11-01,0.0,0,0,2013-2014,0.0
2013-11-04,0.0,0,0,2013-2014,0.0
2013-11-05,0.0,0,0,2013-2014,0.0
2013-11-06,0.0,0,0,2013-2014,0.0
2013-11-07,2133.5,0,1,2013-2014,2048.5
2013-11-08,1356.75,0,1,2013-2014,1289.25
2013-11-11,0.0,0,0,2013-2014,0.0
2013-11-12,0.0,0,0,2013-2014,0.0
2013-11-13,0.0,0,0,2013-2014,0.0
2013-11-14,0.0,0,0,2013-2014,0.0
2013-11-15,0.0,0,0,2013-2014,0.0
2013-11-18,0.0,0,0,2013-2014,0.0
2013-11-19,0.0,0,0,2013-2014,0.0
2013-11-20,0.0,0,0,2013-2014,0.0
2013-11-21,0.0,0,0,2013-2014,0.0
2013-11-22,0.0,0,0,2013-2014,0.0
2013-11-25,0.0,0,0,2013-2014,0.0
2013-11-26,0.0,0,0,2013-2014,0.0
2013-11-27,0.0,0,0,2013-2014,0.0
2013-12-03,0.0,0,0,2013-2014,0.0
2013-12-04,0.0,0,0,2013-2014,0.0
2013-12-05,0.0,0,0,2013-2014,0.0
2013-12-06,0.0,0,0,2013-2014,0.0
2013-12-09,0.0,0,0,2013-2014,0.0
2013-12-10,0.0,0,0,2013-2014,0.0
2013-12-11,2565.75,0,1,2013-2014,2483.25
2013-12-12,0.0,0,0,2013-2014,0.0
2013-12-13,0.0,0,0,2013-2014,0.0
2013-12-17,-297.0,0,1,2013-2014,-364.5
2013-12-18,2260.0,0,1,2013-2014,2160.0
2013-12-19,0.0,0,0,2013-2014,0.0
2013-12-20,124.0,0,1,2013-2014,84.0
2013-12-23,0.0,0,0,2013-2014,0.0
2013-12-26,0.0,0,0,2013-2014,0.0
2013-12-27,0.0,0,0,2013-2014,0.0
2013-12-30,0.0,0,0,2013-2014,0.0
2013-12-31,0.0,0,0,2013-2014,0.0
2014-01-02,1058.75,0,1,2013-2014,971.25
2014-01-03,0.0,0,0,2013-2014,0.0
2014-01-06,0.0,0,0,2013-2014,0.0
2014-01-07,-224.75,0,1,2013-2014,-302.25
2014-01-08,0.0,0,0,2013-2014,0.0
2014-01-09,0.0,0,0,2013-2014,0.0
2014-01-10,0.0,0,0,2013-2014,0.0
2014-01-13,2360.0,0,1,2013-2014,2260.0
2014-01-14,1094.75,0,1,2013-2014,1022.25
2014-01-15,0.0,0,0,2013-2014,0.0
2014-01-16,0.0,0,0,2013-2014,0.0
2014-01-17,0.0,0,0,2013-2014,0.0
2014-01-21,0.0,0,0,2013-2014,0.0
2014-01-22,0.0,0,0,2013-2014,0.0
2014-01-23,-34.0,0,1,2013-2014,-119.0
2014-01-24,2184.0,0,1,2013-2014,2119.0
2014-01-27,-275.0,0,1,2013-2014,-337.5
2014-01-28,105.0,0,1,2013-2014,55.0
2014-01-29,0.0,0,0,2013-2014,0.0
2014-01-30,-556.25,0,1,2013-2014,-618.75
2014-01-31,0.0,0,0,2013-2014,0.0
2014-02-03,1764.0,0,1,2013-2014,1724.0
2014-02-04,0.0,0,0,2013-2014,0.0
2014-02-05,0.0,0,0,2013-2014,0.0
2014-02-06,764.0,0,1,2013-2014,724.0
2014-02-07,322.0,0,1,2013-2014,252.0
2014-02-10,0.0,0,0,2013-2014,0.0
2014-02-11,668.25,0,1,2013-2014,585.75
2014-02-12,-1043.0,0,1,2013-2014,-1113.0
2014-02-13,-140.0,0,1,2013-2014,-240.0
2014-02-14,-140.0,0,1,2013-2014,-240.0
2014-02-18,0.0,0,0,2013-2014,0.0
2014-02-19,0.0,0,0,2013-2014,0.0
2014-02-20,-115.5,0,1,2013-2014,-198.0
2014-02-21,0.0,0,0,2013-2014,0.0
2014-02-24,-556.25,0,1,2013-2014,-618.75
2014-02-25,-504.0,0,1,2013-2014,-564.0
2014-02-26,0.0,0,0,2013-2014,0.0
2014-02-27,0.0,0,0,2013-2014,0.0
2014-02-28,-138.0,0,1,2013-2014,-195.5
2014-03-03,0.0,0,0,2013-2014,0.0
2014-03-04,0.0,0,0,2013-2014,0.0
2014-03-05,0.0,0,0,2013-2014,0.0
2014-03-06,0.0,0,0,2013-2014,0.0
2014-03-07,0.0,0,0,2013-2014,0.0
2014-03-10,0.0,0,0,2013-2014,0.0
2014-03-11,0.0,0,0,2013-2014,0.0
2014-03-12,0.0,0,0,2013-2014,0.0
2014-03-13,796.25,0,1,2013-2014,708.75
2014-03-14,0.0,0,0,2013-2014,0.0
2014-03-18,432.25,0,1,2013-2014,384.75
2014-03-19,0.0,0,0,2013-2014,0.0
2014-03-20,-101.5,0,1,2013-2014,-174.0
2014-03-21,0.0,0,0,2013-2014,0.0
2014-03-24,-264.0,0,1,2013-2014,-324.0
2014-03-25,0.0,0,0,2013-2014,0.0
2014-03-26,0.0,0,0,2013-2014,0.0
2014-03-27,0.0,0,0,2013-2014,0.0
2014-03-28,-837.0,0,1,2013-2014,-904.5
2014-03-31,0.0,0,0,2013-2014,0.0
2014-04-01,0.0,0,0,2013-2014,0.0
2014-04-02,0.0,0,0,2013-2014,0.0
2014-04-03,0.0,0,0,2013-2014,0.0
2014-04-04,1233.75,0,1,2013-2014,1146.25
2014-04-07,513.0,0,1,2013-2014,445.5
2014-04-08,0.0,0,0,2013-2014,0.0
2014-04-09,0.0,0,0,2013-2014,0.0
2014-04-10,2592.0,0,1,2013-2014,2547.0
2014-04-11,0.0,0,0,2013-2014,0.0
2014-04-14,0.0,0,0,2013-2014,0.0
2014-04-15,-5716.5,0,2,2013-2014,-5826.5
2014-04-16,0.0,0,0,2013-2014,0.0
2014-04-17,0.0,0,0,2013-2014,0.0
2014-04-21,0.0,0,0,2013-2014,0.0
2014-04-22,0.0,0,0,2013-2014,0.0
2014-04-23,0.0,0,0,2013-2014,0.0
2014-04-24,0.0,0,0,2013-2014,0.0
2014-04-25,-76.5,0,1,2013-2014,-161.5
2014-04-28,0.0,0,0,2013-2014,0.0
2014-04-29,0.0,0,0,2013-2014,0.0
2014-04-30,0.0,0,0,2013-2014,0.0
2014-05-01,0.0,0,0,2013-2014,0.0
2014-05-02,0.0,0,0,2013-2014,0.0
2014-05-05,0.0,0,0,2013-2014,0.0
2014-05-06,0.0,0,0,2013-2014,0.0
2014-05-07,0.0,0,0,2013-2014,0.0
2014-05-08,-1426.0,0,1,2013-2014,-1503.5
2014-05-09,-1492.5,0,1,2013-2014,-1567.5
2014-05-12,0.0,0,0,2013-2014,0.0
2014-05-13,0.0,0,0,2013-2014,0.0
2014-05-14,0.0,0,0,2013-2014,0.0
2014-05-15,720.0,0,1,2013-2014,645.0
2014-05-16,0.0,0,0,2013-2014,0.0
2014-05-19,0.0,0,0,2013-2014,0.0
2014-05-20,-1040.0,0,1,2013-2014,-1140.0
2014-05-21,443.75,0,1,2013-2014,381.25
2014-05-22,0.0,0,0,2013-2014,0.0
2014-05-23,0.0,0,0,2013-2014,0.0
2014-05-28,0.0,0,0,2013-2014,0.0
2014-05-29,0.0,0,0,2013-2014,0.0
2014-05-30,0.0,0,0,2013-2014,0.0
2014-06-02,0.0,0,0,2013-2014,0.0
2014-06-03,0.0,0,0,2013-2014,0.0
2014-06-04,0.0,0,0,2013-2014,0.0
2014-06-05,-90.0,0,1,2013-2014,-190.0
2014-06-06,0.0,0,0,2013-2014,0.0
2014-06-09,0.0,0,0,2013-2014,0.0
2014-06-10,0.0,0,0,2013-2014,0.0
2014-06-11,0.0,0,0,2013-2014,0.0
2014-06-16,0.0,0,0,2013-2014,0.0
2014-06-18,0.0,0,0,2013-2014,0.0
2014-06-19,0.0,0,0,2013-2014,0.0
2014-06-20,0.0,0,0,2013-2014,0.0
2014-06-23,0.0,0,0,2013-2014,0.0
2014-06-24,0.0,0,0,2013-2014,0.0
2014-06-25,0.0,0,0,2013-2014,0.0
2014-06-26,-1916.25,0,1,2013-2014,-2003.75
2014-06-27,0.0,0,0,2013-2014,0.0
2014-06-30,0.0,0,0,2013-2014,0.0
2014-07-01,93.5,0,1,2014-2015,8.5
2014-07-02,0.0,0,0,2014-2015,0.0
2014-07-08,60.0,0,1,2014-2015,-40.0
2014-07-09,0.0,0,0,2014-2015,0.0
2014-07-10,0.0,0,0,2014-2015,0.0
2014-07-11,0.0,0,0,2014-2015,0.0
2014-07-14,0.0,0,0,2014-2015,0.0
2014-07-15,-1435.0,0,1,2014-2015,-1522.5
2014-07-16,0.0,0,0,2014-2015,0.0
2014-07-17,0.0,0,0,2014-2015,0.0
2014-07-18,705.25,0,1,2014-2015,627.75
2014-07-21,0.0,0,0,2014-2015,0.0
2014-07-22,0.0,0,0,2014-2015,0.0
2014-07-23,0.0,0,0,2014-2015,0.0
2014-07-24,0.0,0,0,2014-2015,0.0
2014-07-25,0.0,0,0,2014-2015,0.0
2014-07-28,-1390.0,0,1,2014-2015,-1490.0
2014-07-29,0.0,0,0,2014-2015,0.0
2014-07-30,-1590.0,0,1,2014-2015,-1690.0
2014-07-31,1808.0,0,1,2014-2015,1728.0
2014-08-01,-984.0,0,1,2014-2015,-1044.0
2014-08-04,10.0,0,1,2014-2015,-90.0
2014-08-05,-352.0,0,1,2014-2015,-432.0
2014-08-06,-695.0,0,1,2014-2015,-745.0
2014-08-07,252.0,0,1,2014-2015,182.0
2014-08-08,627.0,0,1,2014-2015,532.0
2014-08-11,0.0,0,0,2014-2015,0.0
2014-08-12,0.0,0,0,2014-2015,0.0
2014-08-13,0.0,0,0,2014-2015,0.0
2014-08-14,0.0,0,0,2014-2015,0.0
2014-08-15,-2016.0,0,1,2014-2015,-2106.0
2014-08-18,0.0,0,0,2014-2015,0.0
2014-08-19,0.0,0,0,2014-2015,0.0
2014-08-20,0.0,0,0,2014-2015,0.0
2014-08-21,0.0,0,0,2014-2015,0.0
2014-08-22,0.0,0,0,2014-2015,0.0
2014-08-25,0.0,0,0,2014-2015,0.0
2014-08-26,0.0,0,0,2014-2015,0.0
2014-08-27,0.0,0,0,2014-2015,0.0
2014-08-28,0.0,0,0,2014-2015,0.0
2014-08-29,0.0,0,0,2014-2015,0.0
2014-09-03,0.0,0,0,2014-2015,0.0
2014-09-04,-2340.0,0,1,2014-2015,-2440.0
2014-09-05,0.0,0,0,2014-2015,0.0
2014-09-08,-1090.0,0,1,2014-2015,-1190.0
2014-09-09,551.0,0,1,2014-2015,478.5
2014-09-10,0.0,0,0,2014-2015,0.0
2014-09-11,0.0,0,0,2014-2015,0.0
2014-09-12,381.25,0,1,2014-2015,318.75
2014-09-16,344.25,0,1,2014-2015,276.75
2014-09-17,0.0,0,0,2014-2015,0.0
2014-09-18,0.0,0,0,2014-2015,0.0
2014-09-19,0.0,0,0,2014-2015,0.0
2014-09-22,1131.0,0,1,2014-2015,1058.5
2014-09-26,0.0,0,0,2014-2015,0.0
2014-09-29,0.0,0,0,2014-2015,0.0
2014-09-30,0.0,0,0,2014-2015,0.0
2014-10-01,1380.0,0,1,2014-2015,1330.0
2014-10-02,-1204.5,0,1,2014-2015,-1259.5
2014-10-03,-363.0,0,1,2014-2015,-445.5
2014-10-06,-1011.5,0,1,2014-2015,-1096.5
2014-10-07,0.0,0,0,2014-2015,0.0
2014-10-08,-1990.0,0,2,2014-2015,-2152.5
2014-10-09,2086.0,0,1,2014-2015,2051.0
2014-10-10,0.0,0,0,2014-2015,0.0
2014-10-13,1465.75,0,1,2014-2015,1433.25
2014-10-14,-1199.25,0,1,2014-2015,-1231.75
2014-10-15,-2114.0,0,1,2014-2015,-2149.0
2014-10-16,0.0,0,0,2014-2015,0.0
2014-10-17,-506.0,0,1,2014-2015,-533.5
2014-10-20,379.5,0,1,2014-2015,322.0
2014-10-21,759.0,0,1,2014-2015,731.5
2014-10-22,0.0,0,0,2014-2015,0.0
2014-10-23,-505.75,0,1,2014-2015,-548.25
2014-10-24,0.0,0,0,2014-2015,0.0
2014-10-27,0.0,0,0,2014-2015,0.0
2014-10-28,0.0,0,0,2014-2015,0.0
2014-10-29,-1201.75,0,1,2014-2015,-1259.25
2014-10-30,-693.0,0,1,2014-2015,-775.5
2014-10-31,0.0,0,0,2014-2015,0.0
2014-11-03,0.0,0,0,2014-2015,0.0
2014-11-04,-939.75,0,1,2014-2015,-992.25
2014-11-05,0.0,0,0,2014-2015,0.0
2014-11-06,0.0,0,0,2014-2015,0.0
2014-11-07,0.0,0,0,2014-2015,0.0
2014-11-10,0.0,0,0,2014-2015,0.0
2014-11-11,0.0,0,0,2014-2015,0.0
2014-11-12,0.0,0,0,2014-2015,0.0
2014-11-13,0.0,0,0,2014-2015,0.0
2014-11-14,0.0,0,0,2014-2015,0.0
2014-11-17,0.0,0,0,2014-2015,0.0
2014-11-18,442.25,0,1,2014-2015,369.75
2014-11-19,-1312.0,0,1,2014-2015,-1392.0
2014-11-20,0.0,0,0,2014-2015,0.0
2014-11-21,0.0,0,0,2014-2015,0.0
2014-11-24,0.0,0,0,2014-2015,0.0
2014-11-25,0.0,0,0,2014-2015,0.0
2014-11-26,0.0,0,0,2014-2015,0.0
2014-12-02,471.75,0,1,2014-2015,379.25
2014-12-03,0.0,0,0,2014-2015,0.0
2014-12-04,0.0,0,0,2014-2015,0.0
2014-12-05,0.0,0,0,2014-2015,0.0
2014-12-08,-940.0,0,1,2014-2015,-1040.0
2014-12-09,0.0,0,0,2014-2015,0.0
2014-12-10,2449.5,0,1,2014-2015,2392.0
2014-12-11,-1170.0,0,1,2014-2015,-1220.0
2014-12-12,0.0,0,0,2014-2015,0.0
2014-12-16,-1816.5,0,1,2014-2015,-1851.5
2014-12-17,1503.0,0,1,2014-2015,1473.0
2014-12-18,0.0,0,0,2014-2015,0.0
2014-12-19,0.0,0,0,2014-2015,0.0
2014-12-22,0.0,0,0,2014-2015,0.0
2014-12-23,0.0,0,0,2014-2015,0.0
2014-12-26,0.0,0,0,2014-2015,0.0
2014-12-29,0.0,0,0,2014-2015,0.0
2014-12-30,0.0,0,0,2014-2015,0.0
2015-01-02,-188.5,0,1,2014-2015,-253.5
2015-01-05,1344.0,0,1,2014-2015,1291.5
2015-01-06,63.25,0,1,2014-2015,5.75
2015-01-07,0.0,0,0,2014-2015,0.0
2015-01-08,828.75,0,1,2014-2015,791.25
2015-01-09,684.25,0,1,2014-2015,641.75
2015-01-12,-221.25,0,1,2014-2015,-258.75
2015-01-13,-4305.25,0,2,2014-2015,-4402.75
2015-01-14,0.0,0,0,2014-2015,0.0
2015-01-15,384.75,0,1,2014-2015,362.25
2015-01-16,615.0,0,1,2014-2015,590.0
2015-01-21,-273.0,0,1,2014-2015,-305.5
2015-01-22,253.5,0,1,2014-2015,156.0
2015-01-23,0.0,0,0,2014-2015,0.0
2015-01-26,0.0,0,0,2014-2015,0.0
2015-01-27,0.0,0,0,2014-2015,0.0
2015-01-28,0.0,0,0,2014-2015,0.0
2015-01-29,0.0,0,0,2014-2015,0.0
2015-01-30,0.0,0,0,2014-2015,0.0
2015-02-02,0.0,0,0,2014-2015,0.0
2015-02-03,525.25,0,1,2014-2015,497.75
2015-02-04,0.0,0,0,2014-2015,0.0
2015-02-05,0.0,0,0,2014-2015,0.0
2015-02-06,0.0,0,0,2014-2015,0.0
2015-02-09,0.0,0,0,2014-2015,0.0
2015-02-10,0.0,0,0,2014-2015,0.0
2015-02-11,0.0,0,0,2014-2015,0.0
2015-02-12,0.0,0,0,2014-2015,0.0
2015-02-13,0.0,0,0,2014-2015,0.0
2015-02-18,0.0,0,0,2014-2015,0.0
2015-02-19,0.0,0,0,2014-2015,0.0
2015-02-20,0.0,0,0,2014-2015,0.0
2015-02-23,0.0,0,0,2014-2015,0.0
2015-02-24,0.0,0,0,2014-2015,0.0
2015-02-25,0.0,0,0,2014-2015,0.0
2015-02-26,0.0,0,0,2014-2015,0.0
2015-02-27,0.0,0,0,2014-2015,0.0
2015-03-02,0.0,0,0,2014-2015,0.0
2015-03-03,0.0,0,0,2014-2015,0.0
2015-03-04,0.0,0,0,2014-2015,0.0
2015-03-05,0.0,0,0,2014-2015,0.0
2015-03-06,1033.5,0,1,2014-2015,936.0
2015-03-09,0.0,0,0,2014-2015,0.0
2015-03-10,821.5,0,1,2014-2015,744.0
2015-03-11,0.0,0,0,2014-2015,0.0
2015-03-12,940.5,0,1,2014-2015,885.5
2015-03-13,-993.75,0,1,2014-2015,-1056.25
2015-03-17,0.0,0,0,2014-2015,0.0
2015-03-18,610.0,0,1,2014-2015,510.0
2015-03-19,0.0,0,0,2014-2015,0.0
2015-03-20,-517.0,0,1,2014-2015,-572.0
2015-03-23,0.0,0,0,2014-2015,0.0
2015-03-24,0.0,0,0,2014-2015,0.0
2015-03-25,1422.0,0,1,2014-2015,1377.0
2015-03-26,0.0,0,0,2014-2015,0.0
2015-03-27,0.0,0,0,2014-2015,0.0
2015-03-30,238.0,0,1,2014-2015,195.5
2015-03-31,0.0,0,0,2014-2015,0.0
2015-04-01,-783.75,0,1,2014-2015,-821.25
2015-04-02,-356.0,0,1,2014-2015,-396.0
2015-04-07,0.0,0,0,2014-2015,0.0
2015-04-08,-329.0,0,1,2014-2015,-364.0
2015-04-09,0.0,0,0,2014-2015,0.0
2015-04-10,0.0,0,0,2014-2015,0.0
2015-04-13,0.0,0,0,2014-2015,0.0
2015-04-14,0.0,0,0,2014-2015,0.0
2015-04-15,0.0,0,0,2014-2015,0.0
2015-04-16,0.0,0,0,2014-2015,0.0
2015-04-17,-58.5,0,1,2014-2015,-123.5
2015-04-20,-51.75,0,1,2014-2015,-109.25
2015-04-21,0.0,0,0,2014-2015,0.0
2015-04-22,0.0,0,0,2014-2015,0.0
2015-04-23,-862.75,0,1,2014-2015,-935.25
2015-04-24,0.0,0,0,2014-2015,0.0
2015-04-27,0.0,0,0,2014-2015,0.0
2015-04-28,0.0,0,0,2014-2015,0.0
2015-04-29,0.0,0,0,2014-2015,0.0
2015-04-30,1326.0,0,1,2014-2015,1241.0
2015-05-01,0.0,0,0,2014-2015,0.0
2015-05-04,-999.75,0,1,2014-2015,-1077.25
2015-05-05,1666.0,0,1,2014-2015,1581.0
2015-05-06,-1240.0,0,1,2014-2015,-1340.0
2015-05-07,-588.0,0,1,2014-2015,-658.0
2015-05-08,0.0,0,0,2014-2015,0.0
2015-05-11,0.0,0,0,2014-2015,0.0
2015-05-12,0.0,0,0,2014-2015,0.0
2015-05-13,0.0,0,0,2014-2015,0.0
2015-05-14,0.0,0,0,2014-2015,0.0
2015-05-15,0.0,0,0,2014-2015,0.0
2015-05-18,0.0,0,0,2014-2015,0.0
2015-05-19,0.0,0,0,2014-2015,0.0
2015-05-20,0.0,0,0,2014-2015,0.0
2015-05-21,0.0,0,0,2014-2015,0.0
2015-05-22,0.0,0,0,2014-2015,0.0
2015-05-27,708.75,0,1,2014-2015,621.25
2015-05-28,0.0,0,0,2014-2015,0.0
2015-05-29,-142.5,0,1,2014-2015,-217.5
2015-06-01,0.0,0,0,2014-2015,0.0
2015-06-02,0.0,0,0,2014-2015,0.0
2015-06-03,0.0,0,0,2014-2015,0.0
2015-06-04,0.0,0,0,2014-2015,0.0
2015-06-05,0.0,0,0,2014-2015,0.0
2015-06-08,0.0,0,0,2014-2015,0.0
2015-06-09,0.0,0,0,2014-2015,0.0
2015-06-10,381.25,0,1,2014-2015,318.75
2015-06-11,0.0,0,0,2014-2015,0.0
2015-06-12,-500.25,0,1,2014-2015,-572.75
2015-06-16,-190.0,0,1,2014-2015,-290.0
2015-06-17,0.0,0,0,2014-2015,0.0
2015-06-18,130.0,0,1,2014-2015,80.0
2015-06-19,0.0,0,0,2014-2015,0.0
2015-06-22,0.0,0,0,2014-2015,0.0
2015-06-23,0.0,0,0,2014-2015,0.0
2015-06-24,0.0,0,0,2014-2015,0.0
2015-06-25,0.0,0,0,2014-2015,0.0
2015-06-26,0.0,0,0,2014-2015,0.0
2015-06-29,2061.5,0,1,2014-2015,1984.0
2015-06-30,0.0,0,0,2014-2015,0.0
2015-07-01,0.0,0,0,2015-2016,0.0
2015-07-02,0.0,0,0,2015-2016,0.0
2015-07-07,-1736.0,0,1,2015-2016,-1776.0
2015-07-08,544.5,0,1,2015-2016,499.5
2015-07-09,0.0,0,0,2015-2016,0.0
2015-07-10,0.0,0,0,2015-2016,0.0
2015-07-13,0.0,0,0,2015-2016,0.0
2015-07-14,0.0,0,0,2015-2016,0.0
2015-07-15,0.0,0,0,2015-2016,0.0
2015-07-16,0.0,0,0,2015-2016,0.0
2015-07-17,0.0,0,0,2015-2016,0.0
2015-07-20,0.0,0,0,2015-2016,0.0
2015-07-21,-390.0,0,1,2015-2016,-490.0
2015-07-22,0.0,0,0,2015-2016,0.0
2015-07-23,160.0,0,1,2015-2016,60.0
2015-07-24,1652.0,0,1,2015-2016,1582.0
2015-07-27,0.0,0,0,2015-2016,0.0
2015-07-28,140.0,0,1,2015-2016,52.5
2015-07-29,609.0,0,1,2015-2016,556.5
2015-07-30,-1143.0,0,1,2015-2016,-1188.0
2015-07-31,0.0,0,0,2015-2016,0.0
2015-08-03,-1230.0,0,1,2015-2016,-1305.0
2015-08-04,0.0,0,0,2015-2016,0.0
2015-08-05,-1012.0,0,1,2015-2016,-1067.0
2015-08-06,996.0,0,1,2015-2016,936.0
2015-08-07,-1043.0,0,1,2015-2016,-1113.0
2015-08-10,630.0,0,1,2015-2016,580.0
2015-08-11,0.0,0,0,2015-2016,0.0
2015-08-12,-2110.5,0,1,2015-2016,-2155.5
2015-08-13,0.0,0,0,2015-2016,0.0
2015-08-14,0.0,0,0,2015-2016,0.0
2015-08-17,0.0,0,0,2015-2016,0.0
2015-08-18,0.0,0,0,2015-2016,0.0
2015-08-19,-137.75,0,1,2015-2016,-185.25
2015-08-20,1638.5,0,1,2015-2016,1566.0
2015-08-21,2902.25,0,1,2015-2016,2854.75
2015-08-24,0.0,0,0,2015-2016,0.0
2015-08-25,0.0,0,0,2015-2016,0.0
2015-08-26,0.0,0,0,2015-2016,0.0
2015-08-27,13.5,0,1,2015-2016,-9.0
2015-08-28,0.0,0,0,2015-2016,0.0
2015-08-31,0.0,0,0,2015-2016,0.0
2015-09-01,0.0,0,0,2015-2016,0.0
2015-09-02,0.0,0,0,2015-2016,0.0
2015-09-03,0.0,0,0,2015-2016,0.0
2015-09-04,0.0,0,0,2015-2016,0.0
2015-09-09,0.0,0,0,2015-2016,0.0
2015-09-10,-969.0,0,1,2015-2016,-1016.5
2015-09-11,0.0,0,0,2015-2016,0.0
2015-09-15,147.25,0,1,2015-2016,99.75
2015-09-16,0.0,0,0,2015-2016,0.0
2015-09-17,-5190.0,0,1,2015-2016,-5290.0
2015-09-18,0.0,0,0,2015-2016,0.0
2015-09-21,0.0,0,0,2015-2016,0.0
2015-09-22,0.0,0,0,2015-2016,0.0
2015-09-23,0.0,0,0,2015-2016,0.0
2015-09-24,-1069.25,0,1,2015-2016,-1101.75
2015-09-25,0.0,0,0,2015-2016,0.0
2015-09-28,1529.0,0,1,2015-2016,1501.5
2015-09-29,0.0,0,0,2015-2016,0.0
2015-09-30,0.0,0,0,2015-2016,0.0
2015-10-01,-1383.75,0,1,2015-2016,-1421.25
2015-10-02,0.0,0,0,2015-2016,0.0
2015-10-05,577.5,0,1,2015-2016,552.5
2015-10-06,0.0,0,0,2015-2016,0.0
2015-10-07,0.0,0,0,2015-2016,0.0
2015-10-08,0.0,0,0,2015-2016,0.0
2015-10-09,0.0,0,0,2015-2016,0.0
2015-10-12,0.0,0,0,2015-2016,0.0
2015-10-13,0.0,0,0,2015-2016,0.0
2015-10-14,0.0,0,0,2015-2016,0.0
2015-10-15,0.0,0,0,2015-2016,0.0
2015-10-16,0.0,0,0,2015-2016,0.0
2015-10-19,0.0,0,0,2015-2016,0.0
2015-10-20,0.0,0,0,2015-2016,0.0
2015-10-21,0.0,0,0,2015-2016,0.0
2015-10-22,1230.0,0,1,2015-2016,1180.0
2015-10-23,0.0,0,0,2015-2016,0.0
2015-10-26,0.0,0,0,2015-2016,0.0
2015-10-27,0.0,0,0,2015-2016,0.0
2015-10-28,1069.5,0,1,2015-2016,1012.0
2015-10-29,0.0,0,0,2015-2016,0.0
2015-10-30,0.0,0,0,2015-2016,0.0
2015-11-02,1356.75,0,1,2015-2016,1289.25
2015-11-03,0.0,0,0,2015-2016,0.0
2015-11-04,0.0,0,0,2015-2016,0.0
2015-11-05,-894.0,0,1,2015-2016,-954.0
2015-11-06,0.0,0,0,2015-2016,0.0
2015-11-09,662.5,0,1,2015-2016,600.0
2015-11-10,0.0,0,0,2015-2016,0.0
2015-11-11,0.0,0,0,2015-2016,0.0
2015-11-12,0.0,0,0,2015-2016,0.0
2015-11-13,1260.0,0,1,2015-2016,1160.0
2015-11-16,2308.5,0,1,2015-2016,2261.0
2015-11-17,0.0,0,0,2015-2016,0.0
2015-11-18,1210.0,0,1,2015-2016,1110.0
2015-11-19,0.0,0,0,2015-2016,0.0
2015-11-20,0.0,0,0,2015-2016,0.0
2015-11-23,0.0,0,0,2015-2016,0.0
2015-11-24,0.0,0,0,2015-2016,0.0
2015-11-25,0.0,0,0,2015-2016,0.0
2015-12-01,623.5,0,1,2015-2016,551.0
2015-12-02,-390.0,0,1,2015-2016,-490.0
2015-12-03,1872.0,0,1,2015-2016,1827.0
2015-12-04,1691.25,0,1,2015-2016,1653.75
2015-12-07,-427.5,0,1,2015-2016,-465.0
2015-12-08,0.0,0,0,2015-2016,0.0
2015-12-09,-3141.25,0,2,2015-2016,-3216.25
2015-12-10,-540.0,0,1,2015-2016,-577.5
2015-12-11,0.0,0,0,2015-2016,0.0
2015-12-15,-370.5,0,1,2015-2016,-403.0
2015-12-16,0.0,0,0,2015-2016,0.0
2015-12-17,1164.0,0,1,2015-2016,1124.0
2015-12-18,0.0,0,0,2015-2016,0.0
2015-12-21,0.0,0,0,2015-2016,0.0
2015-12-22,0.0,0,0,2015-2016,0.0
2015-12-23,0.0,0,0,2015-2016,0.0
2015-12-28,0.0,0,0,2015-2016,0.0
2015-12-29,0.0,0,0,2015-2016,0.0
2015-12-30,0.0,0,0,2015-2016,0.0
2015-12-31,0.0,0,0,2015-2016,0.0
2016-01-04,-2334.0,0,1,2015-2016,-2394.0
2016-01-05,0.0,0,0,2015-2016,0.0
2016-01-06,0.0,0,0,2015-2016,0.0
2016-01-07,0.0,0,0,2015-2016,0.0
2016-01-08,0.0,0,0,2015-2016,0.0
2016-01-11,-1773.0,0,1,2015-2016,-1818.0
2016-01-12,0.0,0,0,2015-2016,0.0
2016-01-13,1802.5,0,1,2015-2016,1777.5
2016-01-14,-769.5,0,2,2015-2016,-812.0
2016-01-15,0.0,0,0,2015-2016,0.0
2016-01-20,-751.5,0,1,2015-2016,-774.0
2016-01-21,-785.0,0,1,2015-2016,-810.0
2016-01-22,0.0,0,0,2015-2016,0.0
2016-01-25,0.0,0,0,2015-2016,0.0
2016-01-26,0.0,0,0,2015-2016,0.0
2016-01-27,0.0,0,0,2015-2016,0.0
2016-01-28,0.0,0,0,2015-2016,0.0
2016-01-29,1612.0,0,1,2015-2016,1579.5
2016-02-01,0.0,0,0,2015-2016,0.0
2016-02-02,0.0,0,0,2015-2016,0.0
2016-02-03,0.0,0,0,2015-2016,0.0
2016-02-04,0.0,0,0,2015-2016,0.0
2016-02-05,1248.0,0,1,2015-2016,1218.0
2016-02-08,-478.5,0,1,2015-2016,-506.0
2016-02-09,0.0,0,0,2015-2016,0.0
2016-02-10,0.0,0,0,2015-2016,0.0
2016-02-11,0.0,0,0,2015-2016,0.0
2016-02-12,0.0,0,0,2015-2016,0.0
2016-02-17,-38.25,0,1,2015-2016,-80.75
2016-02-18,0.0,0,0,2015-2016,0.0
2016-02-19,0.0,0,0,2015-2016,0.0
2016-02-22,0.0,0,0,2015-2016,0.0
2016-02-23,0.0,0,0,2015-2016,0.0
2016-02-24,0.0,0,0,2015-2016,0.0
2016-02-25,0.0,0,0,2015-2016,0.0
2016-02-26,0.0,0,0,2015-2016,0.0
2016-02-29,0.0,0,0,2015-2016,0.0
2016-03-01,1398.0,0,1,2015-2016,1368.0
2016-03-02,0.0,0,0,2015-2016,0.0
2016-03-03,0.0,0,0,2015-2016,0.0
2016-03-04,0.0,0,0,2015-2016,0.0
2016-03-07,0.0,0,0,2015-2016,0.0
2016-03-08,0.0,0,0,2015-2016,0.0
2016-03-09,0.0,0,0,2015-2016,0.0
2016-03-10,-4157.0,0,2,2015-2016,-4249.5
2016-03-11,0.0,0,0,2015-2016,0.0
2016-03-15,0.0,0,0,2015-2016,0.0
2016-03-16,0.0,0,0,2015-2016,0.0
2016-03-17,-457.25,0,1,2015-2016,-534.75
2016-03-18,0.0,0,0,2015-2016,0.0
2016-03-21,0.0,0,0,2015-2016,0.0
2016-03-22,0.0,0,0,2015-2016,0.0
2016-03-23,0.0,0,0,2015-2016,0.0
2016-03-24,0.0,0,0,2015-2016,0.0
2016-03-28,0.0,0,0,2015-2016,0.0
2016-03-29,1623.5,0,1,2015-2016,1538.5
2016-03-30,0.0,0,0,2015-2016,0.0
2016-03-31,0.0,0,0,2015-2016,0.0
2016-04-01,0.0,0,0,2015-2016,0.0
2016-04-04,0.0,0,0,2015-2016,0.0
2016-04-05,0.0,0,0,2015-2016,0.0
2016-04-06,1416.0,0,1,2015-2016,1356.0
2016-04-07,-321.75,0,1,2015-2016,-404.25
2016-04-08,0.0,0,0,2015-2016,0.0
2016-04-11,-1745.0,0,1,2015-2016,-1795.0
2016-04-12,924.0,0,1,2015-2016,871.5
2016-04-13,655.0,0,1,2015-2016,605.0
2016-04-14,-493.75,0,1,2015-2016,-556.25
2016-04-15,0.0,0,0,2015-2016,0.0
2016-04-18,725.0,0,1,2015-2016,662.5
2016-04-19,0.0,0,0,2015-2016,0.0
2016-04-20,0.0,0,0,2015-2016,0.0
2016-04-21,576.0,0,1,2015-2016,516.0
2016-04-22,0.0,0,0,2015-2016,0.0
2016-04-25,0.0,0,0,2015-2016,0.0
2016-04-26,0.0,0,0,2015-2016,0.0
2016-04-27,0.0,0,0,2015-2016,0.0
2016-04-28,0.0,0,0,2015-2016,0.0
2016-04-29,-280.25,0,1,2015-2016,-327.75
2016-05-02,0.0,0,0,2015-2016,0.0
2016-05-03,-636.5,0,1,2015-2016,-684.0
2016-05-04,0.0,0,0,2015-2016,0.0
2016-05-05,0.0,0,0,2015-2016,0.0
2016-05-06,0.0,0,0,2015-2016,0.0
2016-05-09,0.0,0,0,2015-2016,0.0
2016-05-10,987.0,0,1,2015-2016,917.0
2016-05-11,260.0,0,1,2015-2016,160.0
2016-05-12,-2072.0,0,1,2015-2016,-2164.5
2016-05-13,510.0,0,1,2015-2016,410.0
2016-05-16,786.5,0,1,2015-2016,721.5
2016-05-17,-240.0,0,1,2015-2016,-340.0
2016-05-18,0.0,0,0,2015-2016,0.0
2016-05-19,-1314.5,0,1,2015-2016,-1369.5
2016-05-20,-324.5,0,1,2015-2016,-379.5
2016-05-23,0.0,0,0,2015-2016,0.0
2016-05-24,940.5,0,1,2015-2016,885.5
2016-05-25,0.0,0,0,2015-2016,0.0
2016-05-26,0.0,0,0,2015-2016,0.0
2016-05-27,0.0,0,0,2015-2016,0.0
2016-06-01,0.0,0,0,2015-2016,0.0
2016-06-02,0.0,0,0,2015-2016,0.0
2016-06-03,-1001.0,0,1,2015-2016,-1066.0
2016-06-06,0.0,0,0,2015-2016,0.0
2016-06-07,0.0,0,0,2015-2016,0.0
2016-06-08,0.0,0,0,2015-2016,0.0
2016-06-09,0.0,0,0,2015-2016,0.0
2016-06-10,0.0,0,0,2015-2016,0.0
2016-06-14,-1275.0,0,1,2015-2016,-1337.5
2016-06-15,0.0,0,0,2015-2016,0.0
2016-06-16,-2358.0,0,1,2015-2016,-2403.0
2016-06-17,-375.25,0,1,2015-2016,-422.75
2016-06-20,0.0,0,0,2015-2016,0.0
2016-06-21,0.0,0,0,2015-2016,0.0
2016-06-22,-1438.5,0,1,2015-2016,-1491.0
2016-06-23,0.0,0,0,2015-2016,0.0
2016-06-24,0.0,0,0,2015-2016,0.0
2016-06-27,273.0,0,1,2015-2016,255.5
2016-06-28,284.0,0,1,2015-2016,244.0
2016-06-29,182.0,0,1,2015-2016,162.0
2016-06-30,249.75,0,1,2015-2016,227.25
2016-07-01,-419.25,0,1,2016-2017,-451.75
2016-07-06,451.5,0,1,2016-2017,399.0
2016-07-07,-876.0,0,1,2016-2017,-916.0
2016-07-08,622.25,0,1,2016-2017,574.75
2016-07-11,0.0,0,0,2016-2017,0.0
2016-07-12,0.0,0,0,2016-2017,0.0
2016-07-13,0.0,0,0,2016-2017,0.0
2016-07-14,0.0,0,0,2016-2017,0.0
2016-07-15,0.0,0,0,2016-2017,0.0
2016-07-18,0.0,0,0,2016-2017,0.0
2016-07-19,0.0,0,0,2016-2017,0.0
2016-07-20,0.0,0,0,2016-2017,0.0
2016-07-21,0.0,0,0,2016-2017,0.0
2016-07-22,0.0,0,0,2016-2017,0.0
2016-07-25,0.0,0,0,2016-2017,0.0
2016-07-26,0.0,0,0,2016-2017,0.0
2016-07-27,0.0,0,0,2016-2017,0.0
2016-07-28,0.0,0,0,2016-2017,0.0
2016-07-29,0.0,0,0,2016-2017,0.0
2016-08-01,0.0,0,0,2016-2017,0.0
2016-08-02,-1007.75,0,1,2016-2017,-1080.25
2016-08-03,0.0,0,0,2016-2017,0.0
2016-08-04,0.0,0,0,2016-2017,0.0
2016-08-05,331.5,0,1,2016-2017,266.5
2016-08-08,0.0,0,0,2016-2017,0.0
2016-08-09,0.0,0,0,2016-2017,0.0
2016-08-10,0.0,0,0,2016-2017,0.0
2016-08-11,0.0,0,0,2016-2017,0.0
2016-08-12,0.0,0,0,2016-2017,0.0
2016-08-15,0.0,0,0,2016-2017,0.0
2016-08-16,0.0,0,0,2016-2017,0.0
2016-08-17,-2090.0,0,1,2016-2017,-2190.0
2016-08-18,0.0,0,0,2016-2017,0.0
2016-08-19,-1517.0,0,1,2016-2017,-1609.5
2016-08-22,0.0,0,0,2016-2017,0.0
2016-08-23,0.0,0,0,2016-2017,0.0
2016-08-24,0.0,0,0,2016-2017,0.0
2016-08-25,0.0,0,0,2016-2017,0.0
2016-08-26,-4718.75,0,2,2016-2017,-4906.25
2016-08-29,345.0,0,1,2016-2017,270.0
2016-08-30,0.0,0,0,2016-2017,0.0
2016-08-31,-1440.0,0,1,2016-2017,-1540.0
2016-09-01,-1832.0,0,1,2016-2017,-1912.0
2016-09-02,-634.5,0,1,2016-2017,-702.0
2016-09-07,0.0,0,0,2016-2017,0.0
2016-09-08,0.0,0,0,2016-2017,0.0
2016-09-09,3628.25,0,1,2016-2017,3570.75
2016-09-13,546.0,0,1,2016-2017,511.0
2016-09-14,0.0,0,0,2016-2017,0.0
2016-09-15,563.5,0,1,2016-2017,528.5
2016-09-16,0.0,0,0,2016-2017,0.0
2016-09-19,-1444.0,0,1,2016-2017,-1491.5
2016-09-20,0.0,0,0,2016-2017,0.0
2016-09-21,0.0,0,0,2016-2017,0.0
2016-09-22,0.0,0,0,2016-2017,0.0
2016-09-23,0.0,0,0,2016-2017,0.0
2016-09-26,363.0,0,1,2016-2017,308.0
2016-09-27,855.0,0,1,2016-2017,805.0
2016-09-28,0.0,0,0,2016-2017,0.0
2016-09-29,345.0,0,1,2016-2017,270.0
2016-09-30,-1240.0,0,1,2016-2017,-1340.0
2016-10-03,0.0,0,0,2016-2017,0.0
2016-10-04,-1590.0,0,1,2016-2017,-1690.0
2016-10-05,0.0,0,0,2016-2017,0.0
2016-10-06,0.0,0,0,2016-2017,0.0
2016-10-07,100.0,0,1,2016-2017,37.5
2016-10-10,0.0,0,0,2016-2017,0.0
2016-10-11,1615.75,0,1,2016-2017,1558.25
2016-10-12,0.0,0,0,2016-2017,0.0
2016-10-13,-1562.75,0,1,2016-2017,-1610.25
2016-10-14,0.0,0,0,2016-2017,0.0
2016-10-17,0.0,0,0,2016-2017,0.0
2016-10-18,0.0,0,0,2016-2017,0.0
2016-10-19,0.0,0,0,2016-2017,0.0
2016-10-20,0.0,0,0,2016-2017,0.0
2016-10-21,0.0,0,0,2016-2017,0.0
2016-10-24,0.0,0,0,2016-2017,0.0
2016-10-25,0.0,0,0,2016-2017,0.0
2016-10-26,0.0,0,0,2016-2017,0.0
2016-10-27,0.0,0,0,2016-2017,0.0
2016-10-28,-1490.0,0,1,2016-2017,-1590.0
2016-10-31,0.0,0,0,2016-2017,0.0
2016-11-01,725.0,0,1,2016-2017,662.5
2016-11-02,0.0,0,0,2016-2017,0.0
2016-11-03,0.0,0,0,2016-2017,0.0
2016-11-04,0.0,0,0,2016-2017,0.0
2016-11-07,620.5,0,1,2016-2017,578.0
2016-11-08,-170.0,0,1,2016-2017,-220.0
2016-11-09,132.0,0,1,2016-2017,112.0
2016-11-10,-505.75,0,1,2016-2017,-523.25
2016-11-11,0.0,0,0,2016-2017,0.0
2016-11-14,0.0,0,0,2016-2017,0.0
2016-11-15,0.0,0,0,2016-2017,0.0
2016-11-16,0.0,0,0,2016-2017,0.0
2016-11-17,350.0,0,1,2016-2017,287.5
2016-11-18,0.0,0,0,2016-2017,0.0
2016-11-21,0.0,0,0,2016-2017,0.0
2016-11-22,0.0,0,0,2016-2017,0.0
2016-11-23,0.0,0,0,2016-2017,0.0
2016-11-29,0.0,0,0,2016-2017,0.0
2016-11-30,0.0,0,0,2016-2017,0.0
2016-12-01,0.0,0,0,2016-2017,0.0
2016-12-02,0.0,0,0,2016-2017,0.0
2016-12-05,-297.0,0,1,2016-2017,-352.0
2016-12-06,0.0,0,0,2016-2017,0.0
2016-12-07,899.0,0,1,2016-2017,821.5
2016-12-08,0.0,0,0,2016-2017,0.0
2016-12-09,0.0,0,0,2016-2017,0.0
2016-12-13,80.0,0,1,2016-2017,30.0
2016-12-14,0.0,0,0,2016-2017,0.0
2016-12-15,-504.0,0,1,2016-2017,-564.0
2016-12-16,0.0,0,0,2016-2017,0.0
2016-12-19,0.0,0,0,2016-2017,0.0
2016-12-20,0.0,0,0,2016-2017,0.0
2016-12-21,0.0,0,0,2016-2017,0.0
2016-12-22,0.0,0,0,2016-2017,0.0
2016-12-23,0.0,0,0,2016-2017,0.0
2016-12-27,-1040.0,0,1,2016-2017,-1140.0
2016-12-28,1836.0,0,1,2016-2017,1751.0
2016-12-29,0.0,0,0,2016-2017,0.0
2016-12-30,152.25,0,1,2016-2017,79.75
2017-01-03,0.0,0,0,2016-2017,0.0
2017-01-04,77.0,0,1,2016-2017,7.0
2017-01-05,0.0,0,0,2016-2017,0.0
2017-01-06,-180.0,0,1,2016-2017,-255.0
2017-01-09,0.0,0,0,2016-2017,0.0
2017-01-10,-1510.5,0,1,2016-2017,-1605.5
2017-01-11,0.0,0,0,2016-2017,0.0
2017-01-12,-1032.0,0,1,2016-2017,-1112.0
2017-01-13,0.0,0,0,2016-2017,0.0
2017-01-18,0.0,0,0,2016-2017,0.0
2017-01-19,-590.0,0,1,2016-2017,-690.0
2017-01-20,0.0,0,0,2016-2017,0.0
2017-01-23,-1040.0,0,1,2016-2017,-1140.0
2017-01-24,560.0,0,1,2016-2017,460.0
2017-01-25,0.0,0,0,2016-2017,0.0
2017-01-26,0.0,0,0,2016-2017,0.0
2017-01-27,0.0,0,0,2016-2017,0.0
2017-01-30,-555.0,0,1,2016-2017,-630.0
2017-01-31,0.0,0,0,2016-2017,0.0
2017-02-01,0.0,0,0,2016-2017,0.0
2017-02-02,0.0,0,0,2016-2017,0.0
2017-02-03,0.0,0,0,2016-2017,0.0
2017-02-06,0.0,0,0,2016-2017,0.0
2017-02-07,0.0,0,0,2016-2017,0.0
2017-02-08,0.0,0,0,2016-2017,0.0
2017-02-09,52.5,0,1,2016-2017,-35.0
2017-02-10,0.0,0,0,2016-2017,0.0
2017-02-13,0.0,0,0,2016-2017,0.0
2017-02-14,0.0,0,0,2016-2017,0.0
2017-02-15,410.0,0,1,2016-2017,310.0
2017-02-16,0.0,0,0,2016-2017,0.0
2017-02-17,0.0,0,0,2016-2017,0.0
2017-02-22,0.0,0,0,2016-2017,0.0
2017-02-23,0.0,0,0,2016-2017,0.0
2017-02-24,0.0,0,0,2016-2017,0.0
2017-02-27,0.0,0,0,2016-2017,0.0
2017-02-28,0.0,0,0,2016-2017,0.0
2017-03-01,1452.0,0,1,2016-2017,1369.5
2017-03-02,0.0,0,0,2016-2017,0.0
2017-03-03,0.0,0,0,2016-2017,0.0
2017-03-06,0.0,0,0,2016-2017,0.0
2017-03-07,0.0,0,0,2016-2017,0.0
2017-03-08,0.0,0,0,2016-2017,0.0
2017-03-09,0.0,0,0,2016-2017,0.0
2017-03-10,0.0,0,0,2016-2017,0.0
2017-03-14,-289.0,0,1,2016-2017,-374.0
2017-03-15,-40.0,0,1,2016-2017,-140.0
2017-03-16,0.0,0,0,2016-2017,0.0
2017-03-17,0.0,0,0,2016-2017,0.0
2017-03-20,0.0,0,0,2016-2017,0.0
2017-03-21,1580.0,0,1,2016-2017,1530.0
2017-03-22,-985.5,0,1,2016-2017,-1030.5
2017-03-23,-1287.0,0,1,2016-2017,-1342.0
2017-03-24,0.0,0,0,2016-2017,0.0
2017-03-27,0.0,0,0,2016-2017,0.0
2017-03-28,437.0,0,1,2016-2017,379.5
2017-03-29,0.0,0,0,2016-2017,0.0
2017-03-30,-204.75,0,1,2016-2017,-257.25
2017-03-31,0.0,0,0,2016-2017,0.0
2017-04-03,-993.75,0,1,2016-2017,-1056.25
2017-04-04,0.0,0,0,2016-2017,0.0
2017-04-05,-3038.0,0,1,2016-2017,-3108.0
2017-04-06,4.5,0,1,2016-2017,-40.5
2017-04-07,-436.0,0,1,2016-2017,-476.0
2017-04-10,-576.0,0,1,2016-2017,-616.0
2017-04-11,-516.0,0,1,2016-2017,-556.0
2017-04-12,0.0,0,0,2016-2017,0.0
2017-04-13,0.0,0,0,2016-2017,0.0
2017-04-17,0.0,0,0,2016-2017,0.0
2017-04-18,0.0,0,0,2016-2017,0.0
2017-04-19,0.0,0,0,2016-2017,0.0
2017-04-20,-94.5,0,1,2016-2017,-162.0
2017-04-21,0.0,0,0,2016-2017,0.0
2017-04-24,0.0,0,0,2016-2017,0.0
2017-04-25,123.5,0,1,2016-2017,76.0
2017-04-26,0.0,0,0,2016-2017,0.0
2017-04-27,0.0,0,0,2016-2017,0.0
2017-04-28,0.0,0,0,2016-2017,0.0
2017-05-01,0.0,0,0,2016-2017,0.0
2017-05-02,0.0,0,0,2016-2017,0.0
2017-05-03,0.0,0,0,2016-2017,0.0
2017-05-04,0.0,0,0,2016-2017,0.0
2017-05-05,0.0,0,0,2016-2017,0.0
2017-05-08,0.0,0,0,2016-2017,0.0
2017-05-09,0.0,0,0,2016-2017,0.0
2017-05-10,0.0,0,0,2016-2017,0.0
2017-05-11,-1653.75,0,1,2016-2017,-1741.25
2017-05-12,0.0,0,0,2016-2017,0.0
2017-05-15,294.5,0,1,2016-2017,199.5
2017-05-16,0.0,0,0,2016-2017,0.0
2017-05-17,1638.5,0,1,2016-2017,1566.0
2017-05-18,5.5,0,1,2016-2017,-49.5
2017-05-19,194.75,0,1,2016-2017,147.25
2017-05-22,0.0,0,0,2016-2017,0.0
2017-05-23,0.0,0,0,2016-2017,0.0
2017-05-24,0.0,0,0,2016-2017,0.0
2017-05-25,-440.0,0,1,2016-2017,-540.0
2017-05-26,0.0,0,0,2016-2017,0.0
2017-05-31,-1040.0,0,1,2016-2017,-1140.0
2017-06-01,1210.0,0,1,2016-2017,1110.0
2017-06-02,60.0,0,1,2016-2017,-40.0
2017-06-05,0.0,0,0,2016-2017,0.0
2017-06-06,0.0,0,0,2016-2017,0.0
2017-06-07,0.0,0,0,2016-2017,0.0
2017-06-08,0.0,0,0,2016-2017,0.0
2017-06-09,-7030.0,0,2,2016-2017,-7230.0
2017-06-13,0.0,0,0,2016-2017,0.0
2017-06-14,-1240.0,0,1,2016-2017,-1340.0
2017-06-15,0.0,0,0,2016-2017,0.0
2017-06-16,-872.0,0,1,2016-2017,-952.0
2017-06-19,471.75,0,1,2016-2017,379.25
2017-06-20,0.0,0,0,2016-2017,0.0
2017-06-21,0.0,0,0,2016-2017,0.0
2017-06-22,0.0,0,0,2016-2017,0.0
2017-06-23,0.0,0,0,2016-2017,0.0
2017-06-26,-1930.5,0,1,2016-2017,-2013.0
2017-06-27,0.0,0,0,2016-2017,0.0
2017-06-28,333.5,0,1,2016-2017,261.0
2017-06-29,1505.0,0,1,2016-2017,1455.0
2017-06-30,0.0,0,0,2016-2017,0.0
2017-07-06,720.5,0,1,2017-2018,665.5
2017-07-07,742.0,0,1,2017-2018,672.0
2017-07-10,-282.75,0,1,2017-2018,-355.25
2017-07-11,0.0,0,0,2017-2018,0.0
2017-07-12,40.5,0,1,2017-2018,-27.0
2017-07-13,116.0,0,1,2017-2018,43.5
2017-07-14,1168.0,0,1,2017-2018,1088.0
2017-07-17,0.0,0,0,2017-2018,0.0
2017-07-18,0.0,0,0,2017-2018,0.0
2017-07-19,1110.0,0,1,2017-2018,1010.0
2017-07-20,0.0,0,0,2017-2018,0.0
2017-07-21,0.0,0,0,2017-2018,0.0
2017-07-24,-540.0,0,1,2017-2018,-640.0
2017-07-25,0.0,0,0,2017-2018,0.0
2017-07-26,0.0,0,0,2017-2018,0.0
2017-07-27,-440.0,0,1,2017-2018,-540.0
2017-07-28,-767.25,0,1,2017-2018,-844.75
2017-07-31,-198.0,0,1,2017-2018,-280.5
2017-08-01,0.0,0,0,2017-2018,0.0
2017-08-02,-1592.0,0,1,2017-2018,-1672.0
2017-08-03,-171.0,0,1,2017-2018,-261.0
2017-08-04,0.0,0,0,2017-2018,0.0
2017-08-07,0.0,0,0,2017-2018,0.0
2017-08-08,-2140.0,0,1,2017-2018,-2240.0
2017-08-09,0.0,0,0,2017-2018,0.0
2017-08-10,2907.25,0,1,2017-2018,2834.75
2017-08-11,-769.5,0,1,2017-2018,-837.0
2017-08-14,293.25,0,1,2017-2018,235.75
2017-08-15,0.0,0,0,2017-2018,0.0
2017-08-16,0.0,0,0,2017-2018,0.0
2017-08-17,3061.5,0,1,2017-2018,2996.5
2017-08-18,-2810.75,0,2,2017-2018,-2928.25
2017-08-21,-770.5,0,1,2017-2018,-828.0
2017-08-22,1107.75,0,1,2017-2018,1055.25
2017-08-23,0.0,0,0,2017-2018,0.0
2017-08-24,92.0,0,1,2017-2018,34.5
2017-08-25,-1353.0,0,1,2017-2018,-1435.5
2017-08-28,0.0,0,0,2017-2018,0.0
2017-08-29,0.0,0,0,2017-2018,0.0
2017-08-30,689.0,0,1,2017-2018,624.0
2017-08-31,-340.0,0,1,2017-2018,-440.0
2017-09-01,0.0,0,0,2017-2018,0.0
2017-09-06,0.0,0,0,2017-2018,0.0
2017-09-07,0.0,0,0,2017-2018,0.0
2017-09-08,0.0,0,0,2017-2018,0.0
2017-09-12,0.0,0,0,2017-2018,0.0
2017-09-13,0.0,0,0,2017-2018,0.0
2017-09-14,0.0,0,0,2017-2018,0.0
2017-09-15,0.0,0,0,2017-2018,0.0
2017-09-18,-690.0,0,1,2017-2018,-790.0
2017-09-19,0.0,0,0,2017-2018,0.0
2017-09-20,-740.0,0,1,2017-2018,-840.0
2017-09-21,-190.0,0,1,2017-2018,-290.0
2017-09-22,0.0,0,0,2017-2018,0.0
2017-09-25,-890.0,0,1,2017-2018,-990.0
2017-09-26,-1140.0,0,1,2017-2018,-1240.0
2017-09-27,-540.0,0,1,2017-2018,-640.0
2017-09-28,-290.0,0,1,2017-2018,-390.0
2017-09-29,660.0,0,1,2017-2018,560.0
2017-10-02,710.0,0,1,2017-2018,610.0
2017-10-03,110.0,0,1,2017-2018,10.0
2017-10-04,-290.0,0,1,2017-2018,-390.0
2017-10-05,1560.0,0,1,2017-2018,1460.0
2017-10-06,0.0,0,0,2017-2018,0.0
2017-10-09,410.0,0,1,2017-2018,310.0
2017-10-10,0.0,0,0,2017-2018,0.0
2017-10-11,0.0,0,0,2017-2018,0.0
2017-10-12,0.0,0,0,2017-2018,0.0
2017-10-13,0.0,0,0,2017-2018,0.0
2017-10-16,-290.0,0,1,2017-2018,-390.0
2017-10-17,0.0,0,0,2017-2018,0.0
2017-10-18,0.0,0,0,2017-2018,0.0
2017-10-19,-2640.0,0,1,2017-2018,-2740.0
2017-10-20,0.0,0,0,2017-2018,0.0
2017-10-23,1160.0,0,1,2017-2018,1060.0
2017-10-24,0.0,0,0,2017-2018,0.0
2017-10-25,645.0,0,1,2017-2018,570.0
2017-10-26,0.0,0,0,2017-2018,0.0
2017-10-27,1241.0,0,1,2017-2018,1156.0
2017-10-30,-140.0,0,1,2017-2018,-240.0
2017-10-31,0.0,0,0,2017-2018,0.0
2017-11-01,-1394.25,0,1,2017-2018,-1476.75
2017-11-02,-1386.0,0,1,2017-2018,-1476.0
2017-11-03,460.0,0,1,2017-2018,360.0
2017-11-06,-140.0,0,1,2017-2018,-240.0
2017-11-07,-2557.25,0,2,2017-2018,-2734.75
2017-11-08,-1419.0,0,2,2017-2018,-1604.0
2017-11-09,-1795.5,0,1,2017-2018,-1890.5
2017-11-10,0.0,0,0,2017-2018,0.0
2017-11-13,0.0,0,0,2017-2018,0.0
2017-11-14,-952.0,0,1,2017-2018,-1032.0
2017-11-15,-892.5,0,1,2017-2018,-967.5
2017-11-16,232.5,0,1,2017-2018,157.5
2017-11-17,0.0,0,0,2017-2018,0.0
2017-11-20,-490.0,0,1,2017-2018,-590.0
2017-11-21,243.0,0,1,2017-2018,175.5
2017-11-22,0.0,0,0,2017-2018,0.0
2017-11-28,3460.0,0,1,2017-2018,3360.0
2017-11-29,-2904.5,0,2,2017-2018,-3072.0
2017-11-30,1188.0,0,1,2017-2018,1120.5
2017-12-01,-1748.5,0,1,2017-2018,-1813.5
2017-12-04,0.0,0,0,2017-2018,0.0
2017-12-05,-758.5,0,2,2017-2018,-898.5
2017-12-06,-400.5,0,1,2017-2018,-445.5
2017-12-07,386.75,0,1,2017-2018,344.25
2017-12-08,0.0,0,0,2017-2018,0.0
2017-12-12,-840.0,0,1,2017-2018,-940.0
2017-12-13,-1490.0,0,1,2017-2018,-1590.0
2017-12-14,910.0,0,1,2017-2018,810.0
2017-12-15,848.0,0,1,2017-2018,768.0
2017-12-18,-343.0,0,1,2017-2018,-413.0
2017-12-19,850.5,0,1,2017-2018,783.0
2017-12-20,0.0,0,0,2017-2018,0.0
2017-12-21,-1290.0,0,1,2017-2018,-1390.0
2017-12-22,-1140.0,0,1,2017-2018,-1240.0
2017-12-26,0.0,0,0,2017-2018,0.0
2017-12-27,0.0,0,0,2017-2018,0.0
2017-12-28,0.0,0,0,2017-2018,0.0
2017-12-29,910.0,0,1,2017-2018,810.0
2018-01-02,728.0,0,1,2017-2018,648.0
2018-01-03,1162.0,0,1,2017-2018,1092.0
2018-01-04,-286.0,0,1,2017-2018,-351.0
2018-01-05,0.0,0,0,2017-2018,0.0
2018-01-08,-190.0,0,1,2017-2018,-290.0
2018-01-09,-940.0,0,1,2017-2018,-1040.0
2018-01-10,-1056.25,0,1,2017-2018,-1118.75
2018-01-11,1274.0,0,1,2017-2018,1209.0
2018-01-12,1068.75,0,1,2017-2018,1006.25
2018-01-17,1270.75,0,1,2017-2018,1213.25
2018-01-18,-204.75,0,1,2017-2018,-257.25
2018-01-19,0.0,0,0,2017-2018,0.0
2018-01-22,1572.25,0,1,2017-2018,1524.75
2018-01-23,-339.25,0,1,2017-2018,-396.75
2018-01-24,-2976.0,0,2,2017-2018,-3116.0
2018-01-25,-441.0,0,1,2017-2018,-493.5
2018-01-26,2104.5,0,1,2017-2018,2047.0
2018-01-29,580.75,0,1,2017-2018,523.25
2018-01-30,218.5,0,1,2017-2018,171.0
2018-01-31,0.0,0,0,2017-2018,0.0
2018-02-01,-1554.0,0,1,2017-2018,-1614.0
2018-02-02,3469.5,0,1,2017-2018,3424.5
2018-02-05,11380.5,0,1,2017-2018,11313.0
2018-02-06,838.75,0,1,2017-2018,826.25
2018-02-07,-504.0,0,1,2017-2018,-514.0
2018-02-08,1841.0,0,1,2017-2018,1831.0
2018-02-09,-1633.5,0,1,2017-2018,-1648.5
2018-02-12,26.0,0,1,2017-2018,16.0
2018-02-13,0.0,0,0,2017-2018,0.0
2018-02-14,622.0,0,1,2017-2018,602.0
2018-02-15,0.0,0,0,2017-2018,0.0
2018-02-16,-695.25,0,1,2017-2018,-717.75
2018-02-21,-1677.0,0,1,2017-2018,-1707.0
2018-02-22,-1799.0,0,1,2017-2018,-1834.0
2018-02-23,0.0,0,0,2017-2018,0.0
2018-02-26,0.0,0,0,2017-2018,0.0
2018-02-27,1316.0,0,1,2017-2018,1281.0
2018-02-28,-2937.0,0,1,2017-2018,-2967.0
2018-03-01,1377.75,0,1,2017-2018,1350.25
2018-03-02,0.0,0,0,2017-2018,0.0
2018-03-05,452.5,0,1,2017-2018,427.5
2018-03-06,0.0,0,0,2017-2018,0.0
2018-03-07,0.0,0,0,2017-2018,0.0
2018-03-08,0.0,0,0,2017-2018,0.0
2018-03-09,1089.0,0,1,2017-2018,1061.5
2018-03-12,-858.75,0,1,2017-2018,-896.25
2018-03-14,27.0,0,1,2017-2018,-18.0
2018-03-15,0.0,0,0,2017-2018,0.0
2018-03-16,-596.0,0,1,2017-2018,-636.0
2018-03-19,1508.5,0,1,2017-2018,1473.5
2018-03-20,0.0,0,0,2017-2018,0.0
2018-03-21,-1525.5,0,1,2017-2018,-1570.5
2018-03-22,2291.25,0,1,2017-2018,2253.75
2018-03-23,2457.0,0,1,2017-2018,2424.5
2018-03-26,1012.0,0,1,2017-2018,992.0
2018-03-27,2187.0,0,1,2017-2018,2142.0
2018-03-28,-578.75,0,2,2017-2018,-616.25
2018-03-29,238.0,0,1,2017-2018,220.5
2018-04-02,1314.0,0,1,2017-2018,1299.0
2018-04-03,0.0,0,0,2017-2018,0.0
2018-04-04,824.0,0,1,2017-2018,784.0
2018-04-05,0.0,0,0,2017-2018,0.0
2018-04-06,291.5,0,1,2017-2018,264.0
2018-04-09,-508.0,0,1,2017-2018,-528.0
2018-04-10,0.0,0,0,2017-2018,0.0
2018-04-11,0.0,0,0,2017-2018,0.0
2018-04-12,-258.0,0,1,2017-2018,-278.0
2018-04-13,0.0,0,0,2017-2018,0.0
2018-04-16,0.0,0,0,2017-2018,0.0
2018-04-17,0.0,0,0,2017-2018,0.0
2018-04-18,0.0,0,0,2017-2018,0.0
2018-04-19,-834.0,0,1,2017-2018,-894.0
2018-04-20,766.5,0,1,2017-2018,714.0
2018-04-23,0.0,0,0,2017-2018,0.0
2018-04-24,429.25,0,1,2017-2018,386.75
2018-04-25,-1441.0,0,1,2017-2018,-1468.5
2018-04-26,167.75,0,1,2017-2018,140.25
2018-04-27,0.0,0,0,2017-2018,0.0
2018-04-30,896.0,0,1,2017-2018,861.0
2018-05-01,-1656.0,0,1,2017-2018,-1696.0
2018-05-02,678.75,0,1,2017-2018,641.25
2018-05-03,-2536.0,0,1,2017-2018,-2576.0
2018-05-04,994.5,0,1,2017-2018,962.0
2018-05-07,-537.0,0,1,2017-2018,-567.0
2018-05-08,-492.0,0,1,2017-2018,-522.0
2018-05-09,301.75,0,1,2017-2018,259.25
2018-05-10,280.5,0,1,2017-2018,238.0
2018-05-11,-245.0,0,1,2017-2018,-295.0
2018-05-14,-805.5,0,1,2017-2018,-850.5
2018-05-15,-516.0,0,1,2017-2018,-556.0
2018-05-16,297.0,0,1,2017-2018,252.0
2018-05-17,-1281.0,0,1,2017-2018,-1333.5
2018-05-18,0.0,0,0,2017-2018,0.0
2018-05-21,-520.0,0,1,2017-2018,-570.0
2018-05-22,0.0,0,0,2017-2018,0.0
2018-05-23,0.0,0,0,2017-2018,0.0
2018-05-24,-909.5,0,1,2017-2018,-952.0
2018-05-25,0.0,0,0,2017-2018,0.0
2018-05-30,528.5,0,1,2017-2018,493.5
2018-05-31,668.5,0,1,2017-2018,633.5
2018-06-01,423.5,0,1,2017-2018,388.5
2018-06-04,-136.5,0,1,2017-2018,-171.5
2018-06-05,-914.25,0,1,2017-2018,-971.75
2018-06-06,1421.0,0,1,2017-2018,1348.5
2018-06-07,-1696.5,0,1,2017-2018,-1794.0
2018-06-08,322.0,0,1,2017-2018,252.0
2018-06-11,-770.5,0,1,2017-2018,-828.0
2018-06-13,0.0,0,0,2017-2018,0.0
2018-06-14,0.0,0,0,2017-2018,0.0
2018-06-15,-1463.0,0,1,2017-2018,-1533.0
2018-06-18,0.0,0,0,2017-2018,0.0
2018-06-19,0.0,0,0,2017-2018,0.0
2018-06-20,0.0,0,0,2017-2018,0.0
2018-06-21,1024.0,0,1,2017-2018,984.0
2018-06-22,0.0,0,0,2017-2018,0.0
2018-06-25,904.0,0,1,2017-2018,864.0
2018-06-26,-1342.5,0,1,2017-2018,-1417.5
2018-06-27,285.25,0,2,2017-2018,195.25
2018-06-28,753.75,0,1,2017-2018,716.25
2018-06-29,-1116.5,0,1,2017-2018,-1151.5
2018-07-02,0.0,0,0,2018-2019,0.0
2018-07-06,735.0,0,1,2018-2019,697.5
2018-07-09,0.0,0,0,2018-2019,0.0
2018-07-10,0.0,0,0,2018-2019,0.0
2018-07-11,0.0,0,0,2018-2019,0.0
2018-07-12,0.0,0,0,2018-2019,0.0
2018-07-13,0.0,0,0,2018-2019,0.0
2018-07-16,0.0,0,0,2018-2019,0.0
2018-07-17,0.0,0,0,2018-2019,0.0
2018-07-18,0.0,0,0,2018-2019,0.0
2018-07-19,0.0,0,0,2018-2019,0.0
2018-07-20,0.0,0,0,2018-2019,0.0
2018-07-23,0.0,0,0,2018-2019,0.0
2018-07-24,0.0,0,0,2018-2019,0.0
2018-07-25,0.0,0,0,2018-2019,0.0
2018-07-26,0.0,0,0,2018-2019,0.0
2018-07-27,-935.25,0,1,2018-2019,-1007.75
2018-07-30,662.5,0,1,2018-2019,600.0
2018-07-31,0.0,0,0,2018-2019,0.0
2018-08-01,0.0,0,0,2018-2019,0.0
2018-08-02,-168.0,0,1,2018-2019,-238.0
2018-08-03,0.0,0,0,2018-2019,0.0
2018-08-06,0.0,0,0,2018-2019,0.0
2018-08-07,0.0,0,0,2018-2019,0.0
2018-08-08,0.0,0,0,2018-2019,0.0
2018-08-09,0.0,0,0,2018-2019,0.0
2018-08-10,0.0,0,0,2018-2019,0.0
2018-08-13,0.0,0,0,2018-2019,0.0
2018-08-14,60.5,0,1,2018-2019,5.5
2018-08-15,-468.0,0,1,2018-2019,-513.0
2018-08-16,-545.0,0,1,2018-2019,-595.0
2018-08-17,0.0,0,0,2018-2019,0.0
2018-08-20,0.0,0,0,2018-2019,0.0
2018-08-21,-737.0,0,1,2018-2019,-792.0
2018-08-22,0.0,0,0,2018-2019,0.0
2018-08-23,0.0,0,0,2018-2019,0.0
2018-08-24,-246.5,0,1,2018-2019,-319.0
2018-08-27,396.0,0,1,2018-2019,336.0
2018-08-28,0.0,0,0,2018-2019,0.0
2018-08-29,-185.25,0,1,2018-2019,-282.75
2018-08-30,0.0,0,0,2018-2019,0.0
2018-08-31,0.0,0,0,2018-2019,0.0
2018-09-05,-264.0,0,1,2018-2019,-324.0
2018-09-06,-654.0,0,1,2018-2019,-714.0
2018-09-07,0.0,0,0,2018-2019,0.0
2018-09-10,0.0,0,0,2018-2019,0.0
2018-09-11,-432.0,0,1,2018-2019,-499.5
2018-09-12,0.0,0,0,2018-2019,0.0
2018-09-13,0.0,0,0,2018-2019,0.0
2018-09-14,0.0,0,0,2018-2019,0.0
2018-09-18,812.0,0,1,2018-2019,742.0
2018-09-19,0.0,0,0,2018-2019,0.0
2018-09-20,0.0,0,0,2018-2019,0.0
2018-09-21,0.0,0,0,2018-2019,0.0
2018-09-24,0.0,0,0,2018-2019,0.0
2018-09-25,0.0,0,0,2018-2019,0.0
2018-09-26,0.0,0,0,2018-2019,0.0
2018-09-27,-1152.75,0,1,2018-2019,-1225.25
2018-09-28,0.0,0,0,2018-2019,0.0
2018-10-01,-1243.75,0,1,2018-2019,-1306.25
2018-10-02,0.0,0,0,2018-2019,0.0
2018-10-03,0.0,0,0,2018-2019,0.0
2018-10-04,1097.25,0,1,2018-2019,1049.75
2018-10-05,-850.5,0,1,2018-2019,-895.5
2018-10-08,-2345.0,0,1,2018-2019,-2395.0
2018-10-09,0.0,0,0,2018-2019,0.0
2018-10-10,3918.0,0,1,2018-2019,3888.0
2018-10-11,317.5,0,2,2018-2019,280.0
2018-10-12,0.0,0,0,2018-2019,0.0
2018-10-15,0.0,0,0,2018-2019,0.0
2018-10-16,763.0,0,1,2018-2019,745.5
2018-10-17,-411.0,0,1,2018-2019,-426.0
2018-10-18,872.0,0,1,2018-2019,852.0
2018-10-19,-1055.25,0,1,2018-2019,-1077.75
2018-10-22,103.5,0,1,2018-2019,81.0
2018-10-23,-2202.0,0,1,2018-2019,-2232.0
2018-10-24,3454.0,0,1,2018-2019,3426.5
2018-10-25,902.25,0,1,2018-2019,879.75
2018-10-26,-1460.0,0,1,2018-2019,-1485.0
2018-10-29,0.0,0,0,2018-2019,0.0
2018-10-30,412.0,0,1,2018-2019,392.0
2018-10-31,-358.0,0,1,2018-2019,-378.0
2018-11-01,0.0,0,0,2018-2019,0.0
2018-11-02,24.75,0,1,2018-2019,2.25
2018-11-05,0.0,0,0,2018-2019,0.0
2018-11-06,204.75,0,1,2018-2019,182.25
2018-11-07,888.0,0,1,2018-2019,858.0
2018-11-08,0.0,0,0,2018-2019,0.0
2018-11-09,-616.0,0,1,2018-2019,-656.0
2018-11-12,1666.5,0,1,2018-2019,1639.0
2018-11-13,0.0,0,0,2018-2019,0.0
2018-11-14,3.5,0,1,2018-2019,-31.5
2018-11-15,360.0,0,1,2018-2019,322.5
2018-11-16,0.0,0,0,2018-2019,0.0
2018-11-19,1059.75,0,1,2018-2019,1037.25
2018-11-20,0.0,0,0,2018-2019,0.0
2018-11-21,0.0,0,0,2018-2019,0.0
2018-11-27,0.0,0,0,2018-2019,0.0
2018-11-28,1644.0,0,1,2018-2019,1604.0
2018-11-29,0.0,0,0,2018-2019,0.0
2018-11-30,0.0,0,0,2018-2019,0.0
2018-12-03,0.0,0,0,2018-2019,0.0
2018-12-04,2657.25,0,1,2018-2019,2634.75
2018-12-07,588.0,0,1,2018-2019,570.5
2018-12-10,-741.0,0,1,2018-2019,-756.0
2018-12-11,0.0,0,0,2018-2019,0.0
2018-12-12,0.0,0,0,2018-2019,0.0
2018-12-13,0.0,0,0,2018-2019,0.0
2018-12-14,0.0,0,0,2018-2019,0.0
2018-12-18,0.0,0,0,2018-2019,0.0
2018-12-19,-789.5,0,2,2018-2019,-869.5
2018-12-20,222.0,0,1,2018-2019,202.0
2018-12-21,0.0,0,0,2018-2019,0.0
2018-12-26,-2986.25,0,1,2018-2019,-2998.75
2018-12-27,0.0,0,0,2018-2019,0.0
2018-12-28,0.0,0,0,2018-2019,0.0
2018-12-31,0.0,0,0,2018-2019,0.0
2019-01-02,0.0,0,0,2018-2019,0.0
2019-01-03,763.75,0,1,2018-2019,751.25
2019-01-04,999.0,0,1,2018-2019,984.0
2019-01-07,-597.5,0,1,2018-2019,-622.5
2019-01-08,0.0,0,0,2018-2019,0.0
2019-01-09,0.0,0,0,2018-2019,0.0
2019-01-10,0.0,0,0,2018-2019,0.0
2019-01-11,0.0,0,0,2018-2019,0.0
2019-01-14,0.0,0,0,2018-2019,0.0
2019-01-15,826.0,0,1,2018-2019,791.0
2019-01-16,0.0,0,0,2018-2019,0.0
2019-01-17,0.0,0,0,2018-2019,0.0
2019-01-18,0.0,0,0,2018-2019,0.0
2019-01-23,0.0,0,0,2018-2019,0.0
2019-01-24,0.0,0,0,2018-2019,0.0
2019-01-25,0.0,0,0,2018-2019,0.0
2019-01-28,0.0,0,0,2018-2019,0.0
2019-01-29,0.0,0,0,2018-2019,0.0
2019-01-30,-1940.0,0,1,2018-2019,-2040.0
2019-01-31,-468.0,0,1,2018-2019,-513.0
2019-02-01,0.0,0,0,2018-2019,0.0
2019-02-04,0.0,0,0,2018-2019,0.0
2019-02-05,0.0,0,0,2018-2019,0.0
2019-02-06,0.0,0,0,2018-2019,0.0
2019-02-07,-2288.25,0,1,2018-2019,-2355.75
2019-02-08,0.0,0,0,2018-2019,0.0
2019-02-11,0.0,0,0,2018-2019,0.0
2019-02-12,0.0,0,0,2018-2019,0.0
2019-02-13,0.0,0,0,2018-2019,0.0
2019-02-14,0.0,0,0,2018-2019,0.0
2019-02-15,0.0,0,0,2018-2019,0.0
2019-02-20,0.0,0,0,2018-2019,0.0
2019-02-21,0.0,0,0,2018-2019,0.0
2019-02-22,0.0,0,0,2018-2019,0.0
2019-02-25,0.0,0,0,2018-2019,0.0
2019-02-26,0.0,0,0,2018-2019,0.0
2019-02-27,0.0,0,0,2018-2019,0.0
2019-02-28,0.0,0,0,2018-2019,0.0
2019-03-01,0.0,0,0,2018-2019,0.0
2019-03-04,-1467.75,0,1,2018-2019,-1515.25
2019-03-05,0.0,0,0,2018-2019,0.0
2019-03-06,0.0,0,0,2018-2019,0.0
2019-03-07,78.75,0,1,2018-2019,41.25
2019-03-08,0.0,0,0,2018-2019,0.0
2019-03-12,0.0,0,0,2018-2019,0.0
2019-03-13,0.0,0,0,2018-2019,0.0
2019-03-14,0.0,0,0,2018-2019,0.0
2019-03-15,0.0,0,0,2018-2019,0.0
2019-03-18,-104.5,0,1,2018-2019,-159.5
2019-03-19,0.0,0,0,2018-2019,0.0
2019-03-20,-324.0,0,1,2018-2019,-384.0
2019-03-21,1606.5,0,1,2018-2019,1554.0
2019-03-22,1972.5,0,1,2018-2019,1935.0
2019-03-25,-749.0,0,1,2018-2019,-784.0
2019-03-26,-627.0,0,1,2018-2019,-657.0
2019-03-27,-1083.75,0,1,2018-2019,-1121.25
2019-03-28,0.0,0,0,2018-2019,0.0
2019-03-29,0.0,0,0,2018-2019,0.0
2019-04-01,0.0,0,0,2018-2019,0.0
2019-04-02,0.0,0,0,2018-2019,0.0
2019-04-03,0.0,0,0,2018-2019,0.0
2019-04-04,0.0,0,0,2018-2019,0.0
2019-04-05,0.0,0,0,2018-2019,0.0
2019-04-08,0.0,0,0,2018-2019,0.0
2019-04-09,0.0,0,0,2018-2019,0.0
2019-04-10,0.0,0,0,2018-2019,0.0
2019-04-11,0.0,0,0,2018-2019,0.0
2019-04-12,0.0,0,0,2018-2019,0.0
2019-04-15,0.0,0,0,2018-2019,0.0
2019-04-16,0.0,0,0,2018-2019,0.0
2019-04-17,0.0,0,0,2018-2019,0.0
2019-04-18,0.0,0,0,2018-2019,0.0
2019-04-22,0.0,0,0,2018-2019,0.0
2019-04-23,261.0,0,1,2018-2019,188.5
2019-04-24,0.0,0,0,2018-2019,0.0
2019-04-25,0.0,0,0,2018-2019,0.0
2019-04-26,0.0,0,0,2018-2019,0.0
2019-04-29,0.0,0,0,2018-2019,0.0
2019-04-30,0.0,0,0,2018-2019,0.0
2019-05-01,0.0,0,0,2018-2019,0.0
2019-05-02,-1233.0,0,1,2018-2019,-1278.0
2019-05-03,-306.25,0,1,2018-2019,-368.75
2019-05-06,0.0,0,0,2018-2019,0.0
2019-05-07,148.5,0,1,2018-2019,126.0
2019-05-08,0.0,0,0,2018-2019,0.0
2019-05-09,-1437.75,0,1,2018-2019,-1460.25
2019-05-10,-2349.0,0,1,2018-2019,-2371.5
2019-05-13,-574.0,0,1,2018-2019,-609.0
2019-05-14,-52.25,0,1,2018-2019,-79.75
2019-05-15,-107.25,0,1,2018-2019,-134.75
2019-05-16,-54.0,0,1,2018-2019,-76.5
2019-05-17,0.0,0,0,2018-2019,0.0
2019-05-20,0.0,0,0,2018-2019,0.0
2019-05-21,0.0,0,0,2018-2019,0.0
2019-05-22,0.0,0,0,2018-2019,0.0
2019-05-23,-236.0,0,1,2018-2019,-276.0
2019-05-24,0.0,0,0,2018-2019,0.0
2019-05-29,-1445.0,0,1,2018-2019,-1495.0
2019-05-30,0.0,0,0,2018-2019,0.0
2019-05-31,0.0,0,0,2018-2019,0.0
2019-06-03,0.0,0,0,2018-2019,0.0
2019-06-04,978.75,0,1,2018-2019,941.25
2019-06-05,0.0,0,0,2018-2019,0.0
2019-06-06,0.0,0,0,2018-2019,0.0
2019-06-07,318.5,0,1,2018-2019,283.5
2019-06-10,0.0,0,0,2018-2019,0.0
2019-06-11,0.0,0,0,2018-2019,0.0
2019-06-12,0.0,0,0,2018-2019,0.0
2019-06-13,0.0,0,0,2018-2019,0.0
2019-06-14,0.0,0,0,2018-2019,0.0
2019-06-18,-490.5,0,1,2018-2019,-535.5
2019-06-19,0.0,0,0,2018-2019,0.0
2019-06-20,0.0,0,0,2018-2019,0.0
2019-06-21,0.0,0,0,2018-2019,0.0
2019-06-24,0.0,0,0,2018-2019,0.0
2019-06-25,1683.0,0,1,2018-2019,1628.0
2019-06-26,0.0,0,0,2018-2019,0.0
2019-06-27,0.0,0,0,2018-2019,0.0
2019-06-28,0.0,0,0,2018-2019,0.0
2019-07-01,0.0,0,0,2019-2020,0.0
2019-07-02,0.0,0,0,2019-2020,0.0
2019-07-08,0.0,0,0,2019-2020,0.0
2019-07-09,0.0,0,0,2019-2020,0.0
2019-07-10,-652.5,0,1,2019-2020,-690.0
2019-07-11,0.0,0,0,2019-2020,0.0
2019-07-12,0.0,0,0,2019-2020,0.0
2019-07-15,0.0,0,0,2019-2020,0.0
2019-07-16,0.0,0,0,2019-2020,0.0
2019-07-17,0.0,0,0,2019-2020,0.0
2019-07-18,0.0,0,0,2019-2020,0.0
2019-07-19,0.0,0,0,2019-2020,0.0
2019-07-22,0.0,0,0,2019-2020,0.0
2019-07-23,0.0,0,0,2019-2020,0.0
2019-07-24,0.0,0,0,2019-2020,0.0
2019-07-25,3.75,0,1,2019-2020,-33.75
2019-07-26,0.0,0,0,2019-2020,0.0
2019-07-29,-454.25,0,1,2019-2020,-511.75
2019-07-30,0.0,0,0,2019-2020,0.0
2019-07-31,360.0,0,1,2019-2020,260.0
2019-08-01,-1947.75,0,2,2019-2020,-2057.75
2019-08-02,93.0,0,1,2019-2020,63.0
2019-08-05,1602.5,0,1,2019-2020,1577.5
2019-08-06,0.0,0,0,2019-2020,0.0
2019-08-07,-1408.5,0,1,2019-2020,-1423.5
2019-08-08,771.75,0,1,2019-2020,754.25
2019-08-09,-103.25,0,1,2019-2020,-120.75
2019-08-12,-760.5,0,1,2019-2020,-805.5
2019-08-13,-190.75,0,1,2019-2020,-208.25
2019-08-14,1052.0,0,1,2019-2020,1032.0
2019-08-15,0.0,0,0,2019-2020,0.0
2019-08-16,-77.0,0,1,2019-2020,-94.5
2019-08-19,0.0,0,0,2019-2020,0.0
2019-08-20,283.5,0,1,2019-2020,261.0
2019-08-21,0.0,0,0,2019-2020,0.0
2019-08-22,-1256.5,0,1,2019-2020,-1291.5
2019-08-23,1083.0,0,1,2019-2020,1053.0
2019-08-26,0.0,0,0,2019-2020,0.0
2019-08-27,-402.0,0,1,2019-2020,-432.0
2019-08-28,167.75,0,1,2019-2020,140.25
2019-08-29,0.0,0,0,2019-2020,0.0
2019-08-30,0.0,0,0,2019-2020,0.0
2019-09-04,0.0,0,0,2019-2020,0.0
2019-09-05,0.0,0,0,2019-2020,0.0
2019-09-06,0.0,0,0,2019-2020,0.0
2019-09-09,0.0,0,0,2019-2020,0.0
2019-09-10,-1556.0,0,1,2019-2020,-1596.0
2019-09-11,0.0,0,0,2019-2020,0.0
2019-09-12,0.0,0,0,2019-2020,0.0
2019-09-13,0.0,0,0,2019-2020,0.0
2019-09-17,0.0,0,0,2019-2020,0.0
2019-09-18,0.0,0,0,2019-2020,0.0
2019-09-19,0.0,0,0,2019-2020,0.0
2019-09-20,0.0,0,0,2019-2020,0.0
2019-09-23,0.0,0,0,2019-2020,0.0
2019-09-24,-569.5,0,1,2019-2020,-612.0
2019-09-25,0.0,0,0,2019-2020,0.0
2019-09-26,-177.0,0,1,2019-2020,-207.0
2019-09-27,-376.0,0,1,2019-2020,-416.0
2019-09-30,0.0,0,0,2019-2020,0.0
2019-10-01,1185.25,0,1,2019-2020,1157.75
2019-10-02,865.0,0,1,2019-2020,840.0
2019-10-03,0.0,0,0,2019-2020,0.0
2019-10-04,891.0,0,1,2019-2020,868.5
2019-10-07,0.0,0,0,2019-2020,0.0
2019-10-08,474.75,0,1,2019-2020,452.25
2019-10-09,0.0,0,0,2019-2020,0.0
2019-10-10,2.25,0,1,2019-2020,-20.25
2019-10-11,-560.0,0,1,2019-2020,-585.0
2019-10-14,0.0,0,0,2019-2020,0.0
2019-10-15,-357.0,0,1,2019-2020,-387.0
2019-10-16,0.0,0,0,2019-2020,0.0
2019-10-17,0.0,0,0,2019-2020,0.0
2019-10-18,0.0,0,0,2019-2020,0.0
2019-10-21,0.0,0,0,2019-2020,0.0
2019-10-22,0.0,0,0,2019-2020,0.0
2019-10-23,0.0,0,0,2019-2020,0.0
2019-10-24,0.0,0,0,2019-2020,0.0
2019-10-25,0.0,0,0,2019-2020,0.0
2019-10-28,0.0,0,0,2019-2020,0.0
2019-10-29,0.0,0,0,2019-2020,0.0
2019-10-30,0.0,0,0,2019-2020,0.0
2019-10-31,0.0,0,0,2019-2020,0.0
2019-11-01,0.0,0,0,2019-2020,0.0
2019-11-04,0.0,0,0,2019-2020,0.0
2019-11-05,0.0,0,0,2019-2020,0.0
2019-11-06,0.0,0,0,2019-2020,0.0
2019-11-07,0.0,0,0,2019-2020,0.0
2019-11-08,0.0,0,0,2019-2020,0.0
2019-11-11,0.0,0,0,2019-2020,0.0
2019-11-12,0.0,0,0,2019-2020,0.0
2019-11-13,0.0,0,0,2019-2020,0.0
2019-11-14,0.0,0,0,2019-2020,0.0
2019-11-15,0.0,0,0,2019-2020,0.0
2019-11-18,0.0,0,0,2019-2020,0.0
2019-11-19,0.0,0,0,2019-2020,0.0
2019-11-20,0.0,0,0,2019-2020,0.0
2019-11-21,0.0,0,0,2019-2020,0.0
2019-11-22,0.0,0,0,2019-2020,0.0
2019-11-25,0.0,0,0,2019-2020,0.0
2019-11-26,0.0,0,0,2019-2020,0.0
2019-11-27,0.0,0,0,2019-2020,0.0
2019-12-03,0.0,0,0,2019-2020,0.0
2019-12-04,-154.0,0,1,2019-2020,-189.0
2019-12-05,0.0,0,0,2019-2020,0.0
2019-12-06,0.0,0,0,2019-2020,0.0
2019-12-09,0.0,0,0,2019-2020,0.0
2019-12-10,0.0,0,0,2019-2020,0.0
2019-12-11,0.0,0,0,2019-2020,0.0
2019-12-12,162.0,0,1,2019-2020,117.0
2019-12-13,0.0,0,0,2019-2020,0.0
2019-12-17,0.0,0,0,2019-2020,0.0
2019-12-18,0.0,0,0,2019-2020,0.0
2019-12-19,0.0,0,0,2019-2020,0.0
2019-12-20,0.0,0,0,2019-2020,0.0
2019-12-23,0.0,0,0,2019-2020,0.0
2019-12-26,0.0,0,0,2019-2020,0.0
2019-12-27,0.0,0,0,2019-2020,0.0
2019-12-30,429.0,0,1,2019-2020,364.0
2019-12-31,0.0,0,0,2019-2020,0.0
2020-01-02,0.0,0,0,2019-2020,0.0
2020-01-03,0.0,0,0,2019-2020,0.0
2020-01-06,0.0,0,0,2019-2020,0.0
2020-01-07,0.0,0,0,2019-2020,0.0
2020-01-08,-305.5,0,1,2019-2020,-338.0
2020-01-09,0.0,0,0,2019-2020,0.0
2020-01-10,0.0,0,0,2019-2020,0.0
2020-01-13,0.0,0,0,2019-2020,0.0
2020-01-14,0.0,0,0,2019-2020,0.0
2020-01-15,-540.5,0,1,2019-2020,-598.0
2020-01-16,0.0,0,0,2019-2020,0.0
2020-01-17,0.0,0,0,2019-2020,0.0
2020-01-22,0.0,0,0,2019-2020,0.0
2020-01-23,0.0,0,0,2019-2020,0.0
2020-01-24,924.0,0,1,2019-2020,884.0
2020-01-27,0.0,0,0,2019-2020,0.0
2020-01-28,-11.0,0,1,2019-2020,-38.5
2020-01-29,0.0,0,0,2019-2020,0.0
2020-01-30,0.0,0,0,2019-2020,0.0
2020-01-31,1702.0,0,1,2019-2020,1682.0
2020-02-03,-515.25,0,1,2019-2020,-537.75
2020-02-04,-313.5,0,1,2019-2020,-341.0
2020-02-05,0.0,0,0,2019-2020,0.0
2020-02-06,0.0,0,0,2019-2020,0.0
2020-02-07,0.0,0,0,2019-2020,0.0
2020-02-10,978.75,0,1,2019-2020,941.25
2020-02-11,0.0,0,0,2019-2020,0.0
2020-02-12,0.0,0,0,2019-2020,0.0
2020-02-13,0.0,0,0,2019-2020,0.0
2020-02-14,0.0,0,0,2019-2020,0.0
2020-02-19,0.0,0,0,2019-2020,0.0
2020-02-20,-1491.5,0,1,2019-2020,-1539.0
2020-02-21,424.0,0,1,2019-2020,384.0
2020-02-24,0.0,0,0,2019-2020,0.0
2020-02-25,2469.25,0,1,2019-2020,2451.75
2020-02-26,-1369.0,0,2,2019-2020,-1404.0
2020-02-27,3692.0,0,1,2019-2020,3659.5
2020-03-03,837.0,0,1,2019-2020,829.5
2020-03-04,1226.25,0,1,2019-2020,1213.75
2020-03-05,-11.25,0,1,2019-2020,-23.75
2020-03-06,-3260.0,0,1,2019-2020,-3285.0
2020-03-09,0.0,0,0,2019-2020,0.0
2020-03-10,0.0,0,0,2019-2020,0.0
2020-03-11,615.75,0,1,2019-2020,608.25
2020-03-12,754.5,0,1,2019-2020,747.0
2020-03-13,0.0,0,0,2019-2020,0.0
2020-03-16,1418.25,0,1,2019-2020,1410.75
2020-03-18,0.0,0,0,2019-2020,0.0
2020-03-19,-1113.75,0,2,2019-2020,-1126.25
2020-03-20,613.75,0,2,2019-2020,601.25
2020-03-23,155.5,0,1,2019-2020,150.5
2020-03-24,620.5,0,1,2019-2020,615.5
2020-03-25,-584.25,0,1,2019-2020,-591.75
2020-03-26,743.0,0,1,2019-2020,738.0
2020-03-27,0.0,0,0,2019-2020,0.0
2020-03-30,364.5,0,1,2019-2020,357.0
2020-03-31,218.25,0,1,2019-2020,210.75
2020-04-01,0.0,0,0,2019-2020,0.0
2020-04-02,276.25,0,1,2019-2020,263.75
2020-04-03,-223.5,0,1,2019-2020,-238.5
2020-04-06,991.0,0,1,2019-2020,981.0
2020-04-07,0.0,0,0,2019-2020,0.0
2020-04-08,595.0,0,1,2019-2020,582.5
2020-04-09,-348.0,0,1,2019-2020,-355.5
2020-04-13,-299.0,0,1,2019-2020,-309.0
2020-04-14,201.0,0,1,2019-2020,191.0
2020-04-15,0.0,0,0,2019-2020,0.0
2020-04-16,0.0,0,0,2019-2020,0.0
2020-04-17,0.0,0,0,2019-2020,0.0
2020-04-20,0.0,0,0,2019-2020,0.0
2020-04-21,0.0,0,0,2019-2020,0.0
2020-04-22,0.0,0,0,2019-2020,0.0
2020-04-23,-1296.0,0,1,2019-2020,-1311.0
2020-04-24,0.0,0,0,2019-2020,0.0
2020-04-27,0.0,0,0,2019-2020,0.0
2020-04-28,0.0,0,0,2019-2020,0.0
2020-04-29,0.0,0,0,2019-2020,0.0
2020-04-30,0.0,0,0,2019-2020,0.0
2020-05-01,0.0,0,0,2019-2020,0.0
2020-05-04,0.0,0,0,2019-2020,0.0
2020-05-05,0.0,0,0,2019-2020,0.0
2020-05-06,0.0,0,0,2019-2020,0.0
2020-05-07,0.0,0,0,2019-2020,0.0
2020-05-08,0.0,0,0,2019-2020,0.0
2020-05-11,0.0,0,0,2019-2020,0.0
2020-05-12,0.0,0,0,2019-2020,0.0
2020-05-13,-18.0,0,1,2019-2020,-38.0
2020-05-14,-2042.5,0,1,2019-2020,-2055.0
2020-05-15,0.0,0,0,2019-2020,0.0
2020-05-18,0.0,0,0,2019-2020,0.0
2020-05-19,0.0,0,0,2019-2020,0.0
2020-05-20,0.0,0,0,2019-2020,0.0
2020-05-21,0.0,0,0,2019-2020,0.0
2020-05-22,0.0,0,0,2019-2020,0.0
2020-05-27,0.0,0,0,2019-2020,0.0
2020-05-28,0.0,0,0,2019-2020,0.0
2020-05-29,0.0,0,0,2019-2020,0.0
2020-06-01,0.0,0,0,2019-2020,0.0
2020-06-02,0.0,0,0,2019-2020,0.0
2020-06-03,0.0,0,0,2019-2020,0.0
2020-06-04,0.0,0,0,2019-2020,0.0
2020-06-05,0.0,0,0,2019-2020,0.0
2020-06-08,0.0,0,0,2019-2020,0.0
2020-06-09,0.0,0,0,2019-2020,0.0
2020-06-10,0.0,0,0,2019-2020,0.0
2020-06-11,1543.5,0,1,2019-2020,1521.0
2020-06-12,0.0,0,0,2019-2020,0.0
2020-06-15,0.0,0,0,2019-2020,0.0
2020-06-17,0.0,0,0,2019-2020,0.0
2020-06-18,0.0,0,0,2019-2020,0.0
2020-06-19,0.0,0,0,2019-2020,0.0
2020-06-22,0.0,0,0,2019-2020,0.0
2020-06-23,0.0,0,0,2019-2020,0.0
2020-06-24,1074.0,0,1,2019-2020,1059.0
2020-06-25,0.0,0,0,2019-2020,0.0
2020-06-26,542.0,0,1,2019-2020,522.0
2020-06-29,0.0,0,0,2019-2020,0.0
2020-07-02,0.0,0,0,2020-2021,0.0
2020-07-07,0.0,0,0,2020-2021,0.0
2020-07-08,-31.5,0,1,2020-2021,-54.0
2020-07-09,-1156.5,0,1,2020-2021,-1179.0
2020-07-10,0.0,0,0,2020-2021,0.0
2020-07-13,0.0,0,0,2020-2021,0.0
2020-07-14,0.0,0,0,2020-2021,0.0
2020-07-15,0.0,0,0,2020-2021,0.0
2020-07-16,0.0,0,0,2020-2021,0.0
2020-07-17,0.0,0,0,2020-2021,0.0
2020-07-20,0.0,0,0,2020-2021,0.0
2020-07-21,0.0,0,0,2020-2021,0.0
2020-07-22,0.0,0,0,2020-2021,0.0
2020-07-23,-123.5,0,1,2020-2021,-188.5
2020-07-24,0.0,0,0,2020-2021,0.0
2020-07-27,0.0,0,0,2020-2021,0.0
2020-07-28,0.0,0,0,2020-2021,0.0
2020-07-29,0.0,0,0,2020-2021,0.0
2020-07-30,-1775.25,0,1,2020-2021,-1797.75
2020-07-31,0.0,0,0,2020-2021,0.0
2020-08-03,0.0,0,0,2020-2021,0.0
2020-08-04,0.0,0,0,2020-2021,0.0
2020-08-05,0.0,0,0,2020-2021,0.0
2020-08-06,0.0,0,0,2020-2021,0.0
2020-08-07,0.0,0,0,2020-2021,0.0
2020-08-10,0.0,0,0,2020-2021,0.0
2020-08-11,0.0,0,0,2020-2021,0.0
2020-08-12,0.0,0,0,2020-2021,0.0
2020-08-13,0.0,0,0,2020-2021,0.0
2020-08-14,0.0,0,0,2020-2021,0.0
2020-08-17,0.0,0,0,2020-2021,0.0
2020-08-18,0.0,0,0,2020-2021,0.0
2020-08-19,0.0,0,0,2020-2021,0.0
2020-08-20,0.0,0,0,2020-2021,0.0
2020-08-21,0.0,0,0,2020-2021,0.0
2020-08-24,0.0,0,0,2020-2021,0.0
2020-08-25,0.0,0,0,2020-2021,0.0
2020-08-26,0.0,0,0,2020-2021,0.0
2020-08-27,0.0,0,0,2020-2021,0.0
2020-08-28,0.0,0,0,2020-2021,0.0
2020-08-31,0.0,0,0,2020-2021,0.0
2020-09-01,0.0,0,0,2020-2021,0.0
2020-09-02,0.0,0,0,2020-2021,0.0
2020-09-03,1756.5,0,1,2020-2021,1741.5
2020-09-04,220.0,0,1,2020-2021,207.5
2020-09-09,-186.0,0,1,2020-2021,-201.0
2020-09-10,1116.5,0,1,2020-2021,1089.0
2020-09-11,0.0,0,0,2020-2021,0.0
2020-09-15,0.0,0,0,2020-2021,0.0
2020-09-16,0.0,0,0,2020-2021,0.0
2020-09-17,0.0,0,0,2020-2021,0.0
2020-09-18,108.0,0,1,2020-2021,78.0
2020-09-21,-2197.5,0,1,2020-2021,-2222.5
2020-09-22,0.0,0,0,2020-2021,0.0
2020-09-23,2139.75,0,1,2020-2021,2117.25
2020-09-24,-740.25,0,1,2020-2021,-762.75
2020-09-25,1318.5,0,1,2020-2021,1296.0
2020-09-28,0.0,0,0,2020-2021,0.0
2020-09-29,0.0,0,0,2020-2021,0.0
2020-09-30,-73.5,0,1,2020-2021,-88.5
2020-10-01,0.0,0,0,2020-2021,0.0
2020-10-02,0.0,0,0,2020-2021,0.0
2020-10-05,483.0,0,1,2020-2021,465.5
2020-10-06,0.0,0,0,2020-2021,0.0
2020-10-07,-451.5,0,1,2020-2021,-486.5
2020-10-08,0.0,0,0,2020-2021,0.0
2020-10-09,0.0,0,0,2020-2021,0.0
2020-10-12,252.0,0,1,2020-2021,232.0
2020-10-13,0.0,0,0,2020-2021,0.0
2020-10-14,0.0,0,0,2020-2021,0.0
2020-10-15,0.0,0,0,2020-2021,0.0
2020-10-16,0.0,0,0,2020-2021,0.0
2020-10-19,84.0,0,1,2020-2021,31.5
2020-10-20,-684.0,0,1,2020-2021,-706.5
2020-10-21,-1118.0,0,1,2020-2021,-1138.0
2020-10-22,0.0,0,0,2020-2021,0.0
2020-10-23,0.0,0,0,2020-2021,0.0
2020-10-26,47.25,0,1,2020-2021,24.75
2020-10-27,0.0,0,0,2020-2021,0.0
2020-10-28,789.75,0,1,2020-2021,767.25
2020-10-29,312.0,0,1,2020-2021,292.0
2020-10-30,-1205.75,0,1,2020-2021,-1223.25
2020-11-02,0.0,0,0,2020-2021,0.0
2020-11-03,113.75,0,1,2020-2021,101.25
2020-11-04,238.75,0,1,2020-2021,226.25
2020-11-05,-392.5,0,1,2020-2021,-405.0
2020-11-06,-583.5,0,1,2020-2021,-598.5
2020-11-09,0.0,0,0,2020-2021,0.0
2020-11-10,0.0,0,0,2020-2021,0.0
2020-11-11,0.0,0,0,2020-2021,0.0
2020-11-12,0.0,0,0,2020-2021,0.0
2020-11-13,0.0,0,0,2020-2021,0.0
2020-11-16,0.0,0,0,2020-2021,0.0
2020-11-17,-1055.25,0,1,2020-2021,-1077.75
2020-11-18,0.0,0,0,2020-2021,0.0
2020-11-19,0.0,0,0,2020-2021,0.0
2020-11-20,0.0,0,0,2020-2021,0.0
2020-11-23,0.0,0,0,2020-2021,0.0
2020-11-24,57.75,0,1,2020-2021,30.25
2020-11-25,0.0,0,0,2020-2021,0.0
2020-12-01,0.0,0,0,2020-2021,0.0
2020-12-02,0.0,0,0,2020-2021,0.0
2020-12-03,0.0,0,0,2020-2021,0.0
2020-12-04,0.0,0,0,2020-2021,0.0
2020-12-07,0.0,0,0,2020-2021,0.0
2020-12-08,0.0,0,0,2020-2021,0.0
2020-12-09,-920.0,0,1,2020-2021,-970.0
2020-12-10,0.0,0,0,2020-2021,0.0
2020-12-11,0.0,0,0,2020-2021,0.0
2020-12-15,0.0,0,0,2020-2021,0.0
2020-12-16,0.0,0,0,2020-2021,0.0
2020-12-17,0.0,0,0,2020-2021,0.0
2020-12-18,0.0,0,0,2020-2021,0.0
2020-12-21,0.0,0,0,2020-2021,0.0
2020-12-22,0.0,0,0,2020-2021,0.0
2020-12-23,0.0,0,0,2020-2021,0.0
2020-12-28,0.0,0,0,2020-2021,0.0
2020-12-29,0.0,0,0,2020-2021,0.0
2020-12-30,0.0,0,0,2020-2021,0.0
2020-12-31,0.0,0,0,2020-2021,0.0
2021-01-04,527.5,0,1,2020-2021,502.5
2021-01-05,474.75,0,1,2020-2021,452.25
2021-01-06,-638.0,0,1,2020-2021,-658.0
2021-01-07,395.5,0,1,2020-2021,378.0
2021-01-08,0.0,0,0,2020-2021,0.0
2021-01-11,0.0,0,0,2020-2021,0.0
2021-01-12,0.0,0,0,2020-2021,0.0
2021-01-13,0.0,0,0,2020-2021,0.0
2021-01-14,0.0,0,0,2020-2021,0.0
2021-01-15,0.0,0,0,2020-2021,0.0
2021-01-20,68.0,0,1,2020-2021,25.5
2021-01-21,0.0,0,0,2020-2021,0.0
2021-01-22,0.0,0,0,2020-2021,0.0
2021-01-25,0.0,0,0,2020-2021,0.0
2021-01-26,0.0,0,0,2020-2021,0.0
2021-01-27,1465.0,0,1,2020-2021,1440.0
2021-01-28,-21.0,0,1,2020-2021,-36.0
2021-01-29,964.25,0,1,2020-2021,946.75
2021-02-01,-138.25,0,1,2020-2021,-155.75
2021-02-02,138.75,0,1,2020-2021,126.25
2021-02-03,0.0,0,0,2020-2021,0.0
2021-02-04,0.0,0,0,2020-2021,0.0
2021-02-05,0.0,0,0,2020-2021,0.0
2021-02-08,0.0,0,0,2020-2021,0.0
2021-02-09,0.0,0,0,2020-2021,0.0
2021-02-10,0.0,0,0,2020-2021,0.0
2021-02-11,0.0,0,0,2020-2021,0.0
2021-02-12,0.0,0,0,2020-2021,0.0
2021-02-17,0.0,0,0,2020-2021,0.0
2021-02-18,0.0,0,0,2020-2021,0.0
2021-02-19,0.0,0,0,2020-2021,0.0
2021-02-22,0.0,0,0,2020-2021,0.0
2021-02-23,-2416.5,0,1,2020-2021,-2439.0
2021-02-24,702.0,0,1,2020-2021,682.0
2021-02-25,1366.75,0,1,2020-2021,1349.25
2021-02-26,0.0,0,0,2020-2021,0.0
2021-03-01,613.75,0,1,2020-2021,601.25
2021-03-02,0.0,0,0,2020-2021,0.0
2021-03-03,894.0,0,1,2020-2021,879.0
2021-03-04,63.0,0,1,2020-2021,45.5
2021-03-05,0.0,0,0,2020-2021,0.0
2021-03-08,-1217.5,0,1,2020-2021,-1230.0
2021-03-09,-61.25,0,1,2020-2021,-73.75
2021-03-10,0.0,0,0,2020-2021,0.0
2021-03-11,-650.25,0,1,2020-2021,-672.75
2021-03-12,0.0,0,0,2020-2021,0.0
2021-03-16,0.0,0,0,2020-2021,0.0
2021-03-17,0.0,0,0,2020-2021,0.0
2021-03-18,0.0,0,0,2020-2021,0.0
2021-03-19,-388.0,0,1,2020-2021,-408.0
2021-03-22,193.5,0,1,2020-2021,171.0
2021-03-23,0.0,0,0,2020-2021,0.0
2021-03-24,0.0,0,0,2020-2021,0.0
2021-03-25,0.0,0,0,2020-2021,0.0
2021-03-26,0.0,0,0,2020-2021,0.0
2021-03-29,0.0,0,0,2020-2021,0.0
2021-03-30,0.0,0,0,2020-2021,0.0
2021-03-31,0.0,0,0,2020-2021,0.0
2021-04-01,0.0,0,0,2020-2021,0.0
2021-04-06,0.0,0,0,2020-2021,0.0
2021-04-07,0.0,0,0,2020-2021,0.0
2021-04-08,0.0,0,0,2020-2021,0.0
2021-04-09,0.0,0,0,2020-2021,0.0
2021-04-12,0.0,0,0,2020-2021,0.0
2021-04-13,0.0,0,0,2020-2021,0.0
2021-04-14,0.0,0,0,2020-2021,0.0
2021-04-15,0.0,0,0,2020-2021,0.0
2021-04-16,0.0,0,0,2020-2021,0.0
2021-04-19,0.0,0,0,2020-2021,0.0
2021-04-20,-696.0,0,1,2020-2021,-736.0
2021-04-21,884.0,0,1,2020-2021,844.0
2021-04-22,-565.25,0,1,2020-2021,-612.75
2021-04-23,1227.5,0,1,2020-2021,1202.5
2021-04-26,0.0,0,0,2020-2021,0.0
2021-04-27,0.0,0,0,2020-2021,0.0
2021-04-28,0.0,0,0,2020-2021,0.0
2021-04-29,0.0,0,0,2020-2021,0.0
2021-04-30,0.0,0,0,2020-2021,0.0
2021-05-03,0.0,0,0,2020-2021,0.0
2021-05-04,-1122.0,0,1,2020-2021,-1152.0
2021-05-05,0.0,0,0,2020-2021,0.0
2021-05-06,0.0,0,0,2020-2021,0.0
2021-05-07,-93.5,0,1,2020-2021,-121.0
2021-05-10,0.0,0,0,2020-2021,0.0
2021-05-11,0.0,0,0,2020-2021,0.0
2021-05-12,1757.25,0,1,2020-2021,1734.75
2021-05-13,46.5,0,1,2020-2021,31.5
2021-05-14,481.5,0,1,2020-2021,466.5
2021-05-17,0.0,0,0,2020-2021,0.0
2021-05-18,0.0,0,0,2020-2021,0.0
2021-05-19,0.0,0,0,2020-2021,0.0
2021-05-20,852.0,0,1,2020-2021,832.0
2021-05-21,-1318.0,0,1,2020-2021,-1338.0
2021-05-24,-88.0,0,1,2020-2021,-108.0
2021-05-25,0.0,0,0,2020-2021,0.0
2021-05-26,0.0,0,0,2020-2021,0.0
2021-05-27,0.0,0,0,2020-2021,0.0
2021-05-28,0.0,0,0,2020-2021,0.0
2021-06-02,0.0,0,0,2020-2021,0.0
2021-06-03,0.0,0,0,2020-2021,0.0
2021-06-04,0.0,0,0,2020-2021,0.0
2021-06-07,0.0,0,0,2020-2021,0.0
2021-06-08,0.0,0,0,2020-2021,0.0
2021-06-09,0.0,0,0,2020-2021,0.0
2021-06-10,-558.75,0,1,2020-2021,-596.25
2021-06-11,0.0,0,0,2020-2021,0.0
2021-06-15,0.0,0,0,2020-2021,0.0
2021-06-16,-1090.0,0,1,2020-2021,-1190.0
2021-06-17,0.0,0,0,2020-2021,0.0
2021-06-18,0.0,0,0,2020-2021,0.0
2021-06-21,365.0,0,1,2020-2021,340.0
2021-06-22,0.0,0,0,2020-2021,0.0
2021-06-23,0.0,0,0,2020-2021,0.0
2021-06-24,0.0,0,0,2020-2021,0.0
2021-06-25,0.0,0,0,2020-2021,0.0
2021-06-28,0.0,0,0,2020-2021,0.0
2021-06-29,0.0,0,0,2020-2021,0.0
2021-06-30,0.0,0,0,2020-2021,0.0
2021-07-01,1491.75,0,1,2021-2022,1424.25
2021-07-02,608.0,0,1,2021-2022,528.0
2021-07-07,0.0,0,0,2021-2022,0.0
2021-07-08,0.0,0,0,2021-2022,0.0
2021-07-09,992.75,0,1,2021-2022,965.25
2021-07-12,594.0,0,1,2021-2022,566.5
2021-07-13,0.0,0,0,2021-2022,0.0
2021-07-14,0.0,0,0,2021-2022,0.0
2021-07-15,-2277.0,0,1,2021-2022,-2332.0
2021-07-16,1766.25,0,1,2021-2022,1728.75
2021-07-19,-422.5,0,1,2021-2022,-447.5
2021-07-20,955.5,0,1,2021-2022,938.0
2021-07-21,316.75,0,1,2021-2022,299.25
2021-07-22,0.0,0,0,2021-2022,0.0
2021-07-23,227.5,0,1,2021-2022,202.5
2021-07-26,0.0,0,0,2021-2022,0.0
2021-07-27,-354.25,0,1,2021-2022,-386.75
2021-07-28,0.0,0,0,2021-2022,0.0
2021-07-29,-533.0,0,1,2021-2022,-565.5
2021-07-30,0.0,0,0,2021-2022,0.0
2021-08-02,0.0,0,0,2021-2022,0.0
2021-08-03,-1266.0,0,2,2021-2022,-1343.5
2021-08-04,0.0,0,0,2021-2022,0.0
2021-08-05,0.0,0,0,2021-2022,0.0
2021-08-06,0.0,0,0,2021-2022,0.0
2021-08-09,0.0,0,0,2021-2022,0.0
2021-08-10,0.0,0,0,2021-2022,0.0
2021-08-11,0.0,0,0,2021-2022,0.0
2021-08-12,310.0,0,1,2021-2022,210.0
2021-08-13,0.0,0,0,2021-2022,0.0
2021-08-16,-3140.75,0,1,2021-2022,-3183.25
2021-08-17,-1008.0,0,1,2021-2022,-1053.0
2021-08-18,0.0,0,0,2021-2022,0.0
2021-08-19,-506.0,0,1,2021-2022,-533.5
2021-08-20,542.0,0,1,2021-2022,522.0
2021-08-23,342.0,0,1,2021-2022,322.0
2021-08-24,0.0,0,0,2021-2022,0.0
2021-08-25,0.0,0,0,2021-2022,0.0
2021-08-26,435.0,0,1,2021-2022,397.5
2021-08-27,432.25,0,1,2021-2022,384.75
2021-08-30,-695.0,0,1,2021-2022,-745.0
2021-08-31,-465.0,0,1,2021-2022,-502.5
2021-09-01,0.0,0,0,2021-2022,0.0
2021-09-02,0.0,0,0,2021-2022,0.0
2021-09-03,0.0,0,0,2021-2022,0.0
2021-09-08,-1458.0,0,1,2021-2022,-1503.0
2021-09-09,-1881.75,0,1,2021-2022,-1914.25
2021-09-10,1938.0,0,1,2021-2022,1895.5
2021-09-14,393.0,0,1,2021-2022,363.0
2021-09-15,616.0,0,1,2021-2022,581.0
2021-09-16,-616.0,0,1,2021-2022,-643.5
2021-09-17,1116.5,0,1,2021-2022,1089.0
2021-09-20,-777.0,0,1,2021-2022,-807.0
2021-09-21,0.0,0,0,2021-2022,0.0
2021-09-22,-110.25,0,1,2021-2022,-132.75
2021-09-23,332.0,0,1,2021-2022,312.0
2021-09-24,0.0,0,0,2021-2022,0.0
2021-09-27,0.0,0,0,2021-2022,0.0
2021-09-28,1454.25,0,1,2021-2022,1436.75
2021-09-29,0.0,0,0,2021-2022,0.0
2021-09-30,1341.0,0,1,2021-2022,1318.5
2021-10-01,-502.5,0,1,2021-2022,-540.0
2021-10-04,-246.0,0,1,2021-2022,-261.0
2021-10-05,-532.0,0,1,2021-2022,-549.5
2021-10-06,0.0,0,0,2021-2022,0.0
2021-10-07,-517.5,0,1,2021-2022,-530.0
2021-10-08,0.0,0,0,2021-2022,0.0
2021-10-11,-1695.75,0,1,2021-2022,-1713.25
2021-10-12,0.0,0,0,2021-2022,0.0
2021-10-13,0.0,0,0,2021-2022,0.0
2021-10-14,360.25,0,1,2021-2022,332.75
2021-10-15,0.0,0,0,2021-2022,0.0
2021-10-18,0.0,0,0,2021-2022,0.0
2021-10-19,0.0,0,0,2021-2022,0.0
2021-10-20,0.0,0,0,2021-2022,0.0
2021-10-21,0.0,0,0,2021-2022,0.0
2021-10-22,0.0,0,0,2021-2022,0.0
2021-10-25,0.0,0,0,2021-2022,0.0
2021-10-26,0.0,0,0,2021-2022,0.0
2021-10-27,0.0,0,0,2021-2022,0.0
2021-10-28,929.5,0,1,2021-2022,897.0
2021-10-29,0.0,0,0,2021-2022,0.0
2021-11-01,0.0,0,0,2021-2022,0.0
2021-11-02,408.0,0,1,2021-2022,378.0
2021-11-03,1131.5,0,1,2021-2022,1054.0
2021-11-04,312.0,0,1,2021-2022,279.5
2021-11-05,-1028.5,0,1,2021-2022,-1056.0
2021-11-08,0.0,0,0,2021-2022,0.0
2021-11-09,-299.75,0,1,2021-2022,-327.25
2021-11-10,408.0,0,1,2021-2022,365.5
2021-11-11,0.0,0,0,2021-2022,0.0
2021-11-12,60.0,0,1,2021-2022,22.5
2021-11-15,0.0,0,0,2021-2022,0.0
2021-11-16,393.0,0,1,2021-2022,363.0
2021-11-17,-451.5,0,1,2021-2022,-486.5
2021-11-18,0.0,0,0,2021-2022,0.0
2021-11-19,0.0,0,0,2021-2022,0.0
2021-11-22,-3162.0,0,1,2021-2022,-3192.0
2021-11-23,-3732.0,0,2,2021-2022,-3787.0
2021-11-24,0.0,0,0,2021-2022,0.0
2021-11-30,609.0,0,1,2021-2022,594.0
2021-12-01,-3921.0,0,1,2021-2022,-3936.0
2021-12-02,301.0,0,1,2021-2022,291.0
2021-12-03,381.0,0,1,2021-2022,371.0
2021-12-06,95.0,0,1,2021-2022,82.5
2021-12-07,191.0,0,1,2021-2022,181.0
2021-12-08,0.0,0,0,2021-2022,0.0
2021-12-09,0.0,0,0,2021-2022,0.0
2021-12-10,0.0,0,0,2021-2022,0.0
2021-12-14,0.0,0,0,2021-2022,0.0
2021-12-15,-4036.5,0,1,2021-2022,-4059.0
2021-12-16,-364.0,0,1,2021-2022,-399.0
2021-12-17,0.0,0,0,2021-2022,0.0
2021-12-20,-943.5,0,1,2021-2022,-958.5
2021-12-21,404.25,0,1,2021-2022,386.75
2021-12-22,370.0,0,1,2021-2022,357.5
2021-12-23,106.5,0,1,2021-2022,91.5
2021-12-27,1216.5,0,1,2021-2022,1201.5
2021-12-28,0.0,0,0,2021-2022,0.0
2021-12-29,0.0,0,0,2021-2022,0.0
2021-12-30,0.0,0,0,2021-2022,0.0
2021-12-31,0.0,0,0,2021-2022,0.0
2022-01-03,0.0,0,0,2021-2022,0.0
2022-01-04,-1660.5,0,1,2021-2022,-1705.5
2022-01-05,3876.0,0,1,2021-2022,3816.0
2022-01-06,-298.5,0,1,2021-2022,-313.5
2022-01-07,-339.5,0,1,2021-2022,-357.0
2022-01-10,-1873.5,0,1,2021-2022,-1888.5
2022-01-11,-538.5,0,2,2021-2022,-566.0
2022-01-12,-398.75,0,1,2021-2022,-411.25
2022-01-13,1034.25,0,1,2021-2022,1016.75
2022-01-14,0.0,0,0,2021-2022,0.0
2022-01-19,-2316.0,0,1,2021-2022,-2331.0
2022-01-20,-3006.0,0,1,2021-2022,-3021.0
2022-01-21,1126.0,0,1,2021-2022,1116.0
2022-01-24,-2169.0,0,1,2021-2022,-2179.0
2022-01-25,-835.5,0,1,2021-2022,-843.0
2022-01-26,0.0,0,0,2021-2022,0.0
2022-01-27,-912.0,0,1,2021-2022,-917.0
2022-01-28,-553.5,0,2,2021-2022,-568.5
2022-01-31,660.75,0,1,2021-2022,653.25
2022-02-01,0.0,0,0,2021-2022,0.0
2022-02-02,0.0,0,0,2021-2022,0.0
2022-02-03,0.0,0,0,2021-2022,0.0
2022-02-04,-1010.0,0,1,2021-2022,-1035.0
2022-02-07,0.0,0,0,2021-2022,0.0
2022-02-08,282.0,0,1,2021-2022,262.0
2022-02-09,0.0,0,0,2021-2022,0.0
2022-02-10,0.0,0,0,2021-2022,0.0
2022-02-11,2472.0,0,1,2021-2022,2452.0
2022-02-14,-381.0,0,1,2021-2022,-396.0
2022-02-15,107.5,0,1,2021-2022,95.0
2022-02-16,0.0,0,0,2021-2022,0.0
2022-02-17,888.75,0,1,2021-2022,876.25
2022-02-18,331.5,0,1,2021-2022,316.5
2022-02-23,1513.75,0,1,2021-2022,1501.25
2022-02-24,0.0,0,0,2021-2022,0.0
2022-02-25,876.0,0,1,2021-2022,866.0
2022-02-28,0.0,0,0,2021-2022,0.0
2022-03-01,-89.0,0,1,2021-2022,-99.0
2022-03-02,131.0,0,1,2021-2022,121.0
2022-03-03,-184.0,0,1,2021-2022,-194.0
2022-03-04,-769.0,0,1,2021-2022,-779.0
2022-03-07,2057.5,0,1,2021-2022,2045.0
2022-03-08,-2698.5,0,1,2021-2022,-2713.5
2022-03-09,0.0,0,0,2021-2022,0.0
2022-03-10,0.0,0,0,2021-2022,0.0
2022-03-11,0.0,0,0,2021-2022,0.0
2022-03-15,859.25,0,1,2021-2022,841.75
2022-03-16,895.0,0,1,2021-2022,882.5
2022-03-17,602.0,0,1,2021-2022,582.0
2022-03-18,0.0,0,0,2021-2022,0.0
2022-03-21,0.0,0,0,2021-2022,0.0
2022-03-22,714.0,0,1,2021-2022,699.0
2022-03-23,0.0,0,0,2021-2022,0.0
2022-03-24,868.5,0,1,2021-2022,846.0
2022-03-25,0.0,0,0,2021-2022,0.0
2022-03-28,0.0,0,0,2021-2022,0.0
2022-03-29,0.0,0,0,2021-2022,0.0
2022-03-30,0.0,0,0,2021-2022,0.0
2022-03-31,0.0,0,0,2021-2022,0.0
2022-04-01,0.0,0,0,2021-2022,0.0
2022-04-04,892.0,0,1,2021-2022,872.0
2022-04-05,1335.0,0,1,2021-2022,1297.5
2022-04-06,-448.0,0,1,2021-2022,-468.0
2022-04-07,-446.5,0,1,2021-2022,-494.0
2022-04-08,-698.0,0,1,2021-2022,-718.0
2022-04-11,892.0,0,1,2021-2022,872.0
2022-04-12,-2068.5,0,1,2021-2022,-2083.5
2022-04-13,1051.5,0,1,2021-2022,1036.5
2022-04-14,1261.5,0,1,2021-2022,1246.5
2022-04-18,0.0,0,0,2021-2022,0.0
2022-04-19,895.0,0,1,2021-2022,882.5
2022-04-20,0.0,0,0,2021-2022,0.0
2022-04-21,1827.5,0,1,2021-2022,1802.5
2022-04-22,2026.25,0,1,2021-2022,2013.75
2022-04-25,-2086.25,0,1,2021-2022,-2098.75
2022-04-26,1913.75,0,1,2021-2022,1901.25
2022-04-27,-709.0,0,1,2021-2022,-719.0
2022-04-28,639.0,0,1,2021-2022,624.0
2022-04-29,1711.0,0,1,2021-2022,1701.0
2022-05-02,-2457.0,0,1,2021-2022,-2474.5
2022-05-03,-392.5,0,1,2021-2022,-405.0
2022-05-04,2640.0,0,1,2021-2022,2615.0
2022-05-05,1140.75,0,1,2021-2022,1133.25
2022-05-06,-1024.0,0,1,2021-2022,-1034.0
2022-05-09,516.0,0,1,2021-2022,506.0
2022-05-10,0.0,0,0,2021-2022,0.0
2022-05-11,-1149.0,0,2,2021-2022,-1171.5
2022-05-12,0.0,0,0,2021-2022,0.0
2022-05-13,596.0,0,1,2021-2022,586.0
2022-05-16,0.0,0,0,2021-2022,0.0
2022-05-17,0.0,0,0,2021-2022,0.0
2022-05-18,1806.0,0,1,2021-2022,1796.0
2022-05-19,0.0,0,0,2021-2022,0.0
2022-05-20,-1680.0,0,1,2021-2022,-1692.5
2022-05-23,0.0,0,0,2021-2022,0.0
2022-05-24,-679.0,0,1,2021-2022,-689.0
2022-05-25,0.0,0,0,2021-2022,0.0
2022-05-26,541.0,0,1,2021-2022,531.0
2022-05-27,1063.75,0,1,2021-2022,1051.25
2022-06-01,-621.0,0,1,2021-2022,-636.0
2022-06-02,886.5,0,1,2021-2022,871.5
2022-06-03,0.0,0,0,2021-2022,0.0
2022-06-06,0.0,0,0,2021-2022,0.0
2022-06-07,0.0,0,0,2021-2022,0.0
2022-06-08,0.0,0,0,2021-2022,0.0
2022-06-09,0.0,0,0,2021-2022,0.0
2022-06-10,294.0,0,1,2021-2022,279.0
2022-06-13,301.5,0,1,2021-2022,286.5
2022-06-15,0.0,0,0,2021-2022,0.0
2022-06-16,311.0,0,1,2021-2022,301.0
2022-06-17,-1810.0,0,2,2021-2022,-1835.0
2022-06-22,0.0,0,0,2021-2022,0.0
2022-06-23,0.0,0,0,2021-2022,0.0
2022-06-24,1884.0,0,1,2021-2022,1869.0
2022-06-27,-201.0,0,1,2021-2022,-216.0
2022-06-28,984.0,0,1,2021-2022,969.0
2022-06-29,0.0,0,0,2021-2022,0.0
2022-06-30,-1023.75,0,1,2021-2022,-1036.25
2022-07-01,595.0,0,1,2022-2023,582.5
2022-07-06,0.0,0,0,2022-2023,0.0
2022-07-07,357.5,0,1,2022-2023,345.0
2022-07-08,0.0,0,0,2022-2023,0.0
2022-07-11,0.0,0,0,2022-2023,0.0
2022-07-12,0.0,0,0,2022-2023,0.0
2022-07-13,0.0,0,0,2022-2023,0.0
2022-07-14,-1738.5,0,1,2022-2023,-1753.5
2022-07-15,0.0,0,0,2022-2023,0.0
2022-07-18,0.0,0,0,2022-2023,0.0
2022-07-19,976.5,0,1,2022-2023,961.5
2022-07-20,-373.5,0,1,2022-2023,-388.5
2022-07-21,702.5,0,1,2022-2023,677.5
2022-07-22,442.0,0,1,2022-2023,422.0
2022-07-25,0.0,0,0,2022-2023,0.0
2022-07-26,-217.25,0,1,2022-2023,-244.75
2022-07-27,2354.0,0,1,2022-2023,2326.5
2022-07-28,-2202.0,0,2,2022-2023,-2244.5
2022-07-29,964.25,0,1,2022-2023,946.75
2022-08-01,0.0,0,0,2022-2023,0.0
2022-08-02,0.0,0,0,2022-2023,0.0
2022-08-03,990.5,0,1,2022-2023,973.0
2022-08-04,0.0,0,0,2022-2023,0.0
2022-08-05,0.0,0,0,2022-2023,0.0
2022-08-08,-1921.5,0,1,2022-2023,-1944.0
2022-08-09,-132.75,0,1,2022-2023,-155.25
2022-08-10,0.0,0,0,2022-2023,0.0
2022-08-11,0.0,0,0,2022-2023,0.0
2022-08-12,1390.0,0,1,2022-2023,1365.0
2022-08-15,0.0,0,0,2022-2023,0.0
2022-08-16,0.0,0,0,2022-2023,0.0
2022-08-17,0.0,0,0,2022-2023,0.0
2022-08-18,0.0,0,0,2022-2023,0.0
2022-08-19,477.5,0,1,2022-2023,452.5
2022-08-22,429.0,0,1,2022-2023,401.5
2022-08-23,0.0,0,0,2022-2023,0.0
2022-08-24,-728.0,0,1,2022-2023,-760.5
2022-08-25,1694.0,0,1,2022-2023,1666.5
2022-08-26,2214.0,0,1,2022-2023,2199.0
2022-08-29,0.0,0,0,2022-2023,0.0
2022-08-30,32.5,0,1,2022-2023,20.0
2022-08-31,0.0,0,0,2022-2023,0.0
2022-09-01,-1548.75,0,1,2022-2023,-1561.25
2022-09-02,2.25,0,1,2022-2023,-20.25
2022-09-07,1716.75,0,1,2022-2023,1699.25
2022-09-08,150.5,0,1,2022-2023,133.0
2022-09-09,754.25,0,1,2022-2023,736.75
2022-09-12,-68.0,0,1,2022-2023,-88.0
2022-09-14,0.0,0,0,2022-2023,0.0
2022-09-15,282.5,0,1,2022-2023,270.0
2022-09-16,-780.0,0,1,2022-2023,-792.5
2022-09-19,0.0,0,0,2022-2023,0.0
2022-09-20,-118.5,0,1,2022-2023,-133.5
2022-09-21,0.0,0,0,2022-2023,0.0
2022-09-22,163.75,0,1,2022-2023,151.25
2022-09-23,-42.5,0,1,2022-2023,-55.0
2022-09-26,-438.0,0,1,2022-2023,-458.0
2022-09-27,-223.5,0,1,2022-2023,-238.5
2022-09-28,781.0,0,1,2022-2023,771.0
2022-09-29,46.0,0,1,2022-2023,36.0
2022-09-30,-113.5,0,2,2022-2023,-153.5
2022-10-03,551.25,0,1,2022-2023,538.75
2022-10-04,457.5,0,1,2022-2023,445.0
2022-10-05,-1776.0,0,1,2022-2023,-1791.0
2022-10-06,0.0,0,0,2022-2023,0.0
2022-10-07,663.75,0,1,2022-2023,651.25
2022-10-10,466.5,0,1,2022-2023,451.5
2022-10-11,-3509.0,0,2,2022-2023,-3544.0
2022-10-12,0.0,0,0,2022-2023,0.0
2022-10-13,621.0,0,1,2022-2023,611.0
2022-10-14,846.0,0,1,2022-2023,836.0
2022-10-17,128.25,0,1,2022-2023,120.75
2022-10-18,0.0,0,0,2022-2023,0.0
2022-10-19,0.0,0,0,2022-2023,0.0
2022-10-20,-1993.5,0,1,2022-2023,-2008.5
2022-10-21,1288.75,0,1,2022-2023,1276.25
2022-10-24,331.5,0,1,2022-2023,316.5
2022-10-25,620.0,0,1,2022-2023,607.5
2022-10-26,-1687.0,0,1,2022-2023,-1704.5
2022-10-27,0.0,0,0,2022-2023,0.0
2022-10-28,1921.5,0,1,2022-2023,1906.5
2022-10-31,0.0,0,0,2022-2023,0.0
2022-11-01,-217.0,0,1,2022-2023,-234.5
2022-11-02,2281.5,0,1,2022-2023,2266.5
2022-11-03,-461.25,0,1,2022-2023,-473.75
2022-11-04,0.0,0,0,2022-2023,0.0
2022-11-07,0.0,0,0,2022-2023,0.0
2022-11-08,-292.5,0,1,2022-2023,-305.0
2022-11-09,1120.0,0,1,2022-2023,1107.5
2022-11-10,956.0,0,1,2022-2023,946.0
2022-11-11,-357.75,0,1,2022-2023,-380.25
2022-11-14,0.0,0,0,2022-2023,0.0
2022-11-15,0.0,0,0,2022-2023,0.0
2022-11-16,0.0,0,0,2022-2023,0.0
2022-11-17,0.0,0,0,2022-2023,0.0
2022-11-18,0.0,0,0,2022-2023,0.0
2022-11-21,0.0,0,0,2022-2023,0.0
2022-11-22,0.0,0,0,2022-2023,0.0
2022-11-23,372.0,0,1,2022-2023,352.0
2022-11-29,0.0,0,0,2022-2023,0.0
2022-11-30,6104.0,0,1,2022-2023,6064.0
2022-12-01,0.0,0,0,2022-2023,0.0
2022-12-02,0.0,0,0,2022-2023,0.0
2022-12-05,369.0,0,1,2022-2023,354.0
2022-12-06,807.5,0,1,2022-2023,795.0
2022-12-07,0.0,0,0,2022-2023,0.0
2022-12-08,0.0,0,0,2022-2023,0.0
2022-12-09,0.0,0,0,2022-2023,0.0
2022-12-12,0.0,0,0,2022-2023,0.0
2022-12-14,-1148.75,0,1,2022-2023,-1161.25
2022-12-15,381.0,0,1,2022-2023,371.0
2022-12-16,-34.0,0,1,2022-2023,-44.0
2022-12-19,232.5,0,1,2022-2023,220.0
2022-12-20,0.0,0,0,2022-2023,0.0
2022-12-21,-126.0,0,1,2022-2023,-141.0
2022-12-22,163.75,0,1,2022-2023,151.25
2022-12-23,-1136.25,0,1,2022-2023,-1148.75
2022-12-27,-255.0,0,1,2022-2023,-267.5
2022-12-28,819.0,0,1,2022-2023,804.0
2022-12-29,420.0,0,1,2022-2023,407.5
2022-12-30,0.0,0,0,2022-2023,0.0
2023-01-03,-718.0,0,1,2022-2023,-738.0
2023-01-04,-875.25,0,1,2022-2023,-897.75
2023-01-05,238.0,0,1,2022-2023,220.5
2023-01-06,946.75,0,1,2022-2023,929.25
2023-01-09,-1168.5,0,1,2022-2023,-1183.5
2023-01-10,0.0,0,0,2022-2023,0.0
2023-01-11,0.0,0,0,2022-2023,0.0
2023-01-12,-1162.0,0,1,2022-2023,-1179.5
2023-01-13,0.0,0,0,2022-2023,0.0
2023-01-18,1302.0,0,1,2022-2023,1282.0
2023-01-19,-358.0,0,1,2022-2023,-378.0
2023-01-20,1802.25,0,1,2022-2023,1779.75
2023-01-23,938.0,0,1,2022-2023,920.5
2023-01-24,0.0,0,0,2022-2023,0.0
2023-01-25,-2159.5,0,1,2022-2023,-2177.0
2023-01-26,0.0,0,0,2022-2023,0.0
2023-01-27,-1610.75,0,1,2022-2023,-1653.25
2023-01-30,0.0,0,0,2022-2023,0.0
2023-01-31,1372.0,0,1,2022-2023,1352.0
2023-02-01,1845.75,0,1,2022-2023,1788.25
2023-02-02,19.25,0,1,2022-2023,1.75
2023-02-03,0.0,0,0,2022-2023,0.0
2023-02-06,0.0,0,0,2022-2023,0.0
2023-02-07,339.75,0,1,2022-2023,317.25
2023-02-08,220.5,0,1,2022-2023,203.0
2023-02-09,1045.5,0,1,2022-2023,1003.0
2023-02-10,0.0,0,0,2022-2023,0.0
2023-02-13,859.25,0,1,2022-2023,841.75
2023-02-14,-1460.25,0,1,2022-2023,-1482.75
2023-02-15,0.0,0,0,2022-2023,0.0
2023-02-16,0.0,0,0,2022-2023,0.0
2023-02-17,-917.0,0,1,2022-2023,-934.5
2023-02-22,0.0,0,0,2022-2023,0.0
2023-02-23,-2135.0,0,1,2022-2023,-2160.0
2023-02-24,-818.0,0,1,2022-2023,-838.0
2023-02-27,0.0,0,0,2022-2023,0.0
2023-02-28,0.0,0,0,2022-2023,0.0
2023-03-01,0.0,0,0,2022-2023,0.0
2023-03-02,0.0,0,0,2022-2023,0.0
2023-03-03,1577.25,0,1,2022-2023,1554.75
2023-03-06,-616.5,0,1,2022-2023,-639.0
2023-03-07,832.0,0,1,2022-2023,812.0
2023-03-08,0.0,0,0,2022-2023,0.0
2023-03-09,233.0,0,2,2022-2023,190.5
2023-03-10,969.0,0,1,2022-2023,954.0
2023-03-13,-617.5,0,1,2022-2023,-630.0
2023-03-15,-1663.5,0,1,2022-2023,-1678.5
2023-03-16,1126.25,0,1,2022-2023,1113.75
2023-03-17,26.25,0,1,2022-2023,13.75
2023-03-20,501.25,0,1,2022-2023,488.75
2023-03-21,0.0,0,0,2022-2023,0.0
2023-03-22,0.0,0,0,2022-2023,0.0
2023-03-23,-1057.0,0,1,2022-2023,-1074.5
2023-03-24,0.0,0,0,2022-2023,0.0
2023-03-27,0.0,0,0,2022-2023,0.0
2023-03-28,-1182.0,0,1,2022-2023,-1212.0
2023-03-29,0.0,0,0,2022-2023,0.0
2023-03-30,0.0,0,0,2022-2023,0.0
2023-03-31,2120.25,0,1,2022-2023,2092.75
2023-04-03,415.25,0,1,2022-2023,387.75
2023-04-04,539.0,0,1,2022-2023,511.5
2023-04-05,-767.25,0,1,2022-2023,-794.75
2023-04-06,-1585.0,0,1,2022-2023,-1610.0
2023-04-11,0.0,0,0,2022-2023,0.0
2023-04-12,0.0,0,0,2022-2023,0.0
2023-04-13,1377.75,0,1,2022-2023,1350.25
2023-04-14,-3076.5,0,2,2022-2023,-3124.0
2023-04-17,0.0,0,0,2022-2023,0.0
2023-04-18,0.0,0,0,2022-2023,0.0
2023-04-19,0.0,0,0,2022-2023,0.0
2023-04-20,0.0,0,0,2022-2023,0.0
2023-04-21,-739.75,0,1,2022-2023,-767.25
2023-04-24,0.0,0,0,2022-2023,0.0
2023-04-25,1981.0,0,1,2022-2023,1946.0
2023-04-26,-147.25,0,1,2022-2023,-224.75
2023-04-27,2642.75,0,1,2022-2023,2615.25
2023-04-28,663.0,0,1,2022-2023,633.0
2023-05-01,0.0,0,0,2022-2023,0.0
2023-05-02,1329.75,0,1,2022-2023,1307.25
2023-05-03,-2147.5,0,1,2022-2023,-2172.5
2023-05-04,132.0,0,1,2022-2023,112.0
2023-05-05,972.0,0,1,2022-2023,952.0
2023-05-08,0.0,0,0,2022-2023,0.0
2023-05-09,0.0,0,0,2022-2023,0.0
2023-05-10,0.0,0,0,2022-2023,0.0
2023-05-11,-886.5,0,1,2022-2023,-909.0
2023-05-12,-1426.75,0,1,2022-2023,-1459.25
2023-05-15,-908.0,0,1,2022-2023,-928.0
2023-05-16,0.0,0,0,2022-2023,0.0
2023-05-17,340.0,0,1,2022-2023,315.0
2023-05-18,846.0,0,1,2022-2023,823.5
2023-05-19,0.0,0,0,2022-2023,0.0
2023-05-22,0.0,0,0,2022-2023,0.0
2023-05-23,530.25,0,1,2022-2023,477.75
2023-05-24,-35.0,0,1,2022-2023,-60.0
2023-05-25,0.0,0,0,2022-2023,0.0
2023-05-26,1465.0,0,1,2022-2023,1440.0
2023-05-31,-643.5,0,1,2022-2023,-671.0
2023-06-01,179.75,0,2,2022-2023,132.25
2023-06-02,441.0,0,1,2022-2023,418.5
2023-06-05,0.0,0,0,2022-2023,0.0
2023-06-06,0.0,0,0,2022-2023,0.0
2023-06-07,-1235.25,0,1,2022-2023,-1257.75
2023-06-08,648.0,0,1,2022-2023,618.0
2023-06-09,-695.5,0,1,2022-2023,-728.0
2023-06-12,2008.0,0,1,2022-2023,1928.0
2023-06-14,-299.75,0,1,2022-2023,-327.25
2023-06-15,1965.0,0,1,2022-2023,1940.0
2023-06-16,0.0,0,0,2022-2023,0.0
2023-06-21,138.0,0,1,2022-2023,108.0
2023-06-22,0.0,0,0,2022-2023,0.0
2023-06-23,0.0,0,0,2022-2023,0.0
2023-06-26,-1881.75,0,1,2022-2023,-1914.25
2023-06-27,1683.0,0,1,2022-2023,1653.0
2023-06-28,0.0,0,0,2022-2023,0.0
2023-06-29,0.0,0,0,2022-2023,0.0
2023-06-30,442.75,0,1,2022-2023,415.25
2023-07-06,-762.0,0,1,2023-2024,-792.0
2023-07-07,-3056.0,0,1,2023-2024,-3096.0
2023-07-10,0.0,0,0,2023-2024,0.0
2023-07-11,0.0,0,0,2023-2024,0.0
2023-07-12,0.0,0,0,2023-2024,0.0
2023-07-13,243.0,0,1,2023-2024,175.5
2023-07-14,0.0,0,0,2023-2024,0.0
2023-07-17,68.0,0,1,2023-2024,25.5
2023-07-18,1316.0,0,1,2023-2024,1281.0
2023-07-19,-816.0,0,1,2023-2024,-856.0
2023-07-20,389.5,0,1,2023-2024,294.5
2023-07-21,0.0,0,0,2023-2024,0.0
2023-07-24,-36.0,0,1,2023-2024,-76.0
2023-07-25,-66.5,0,1,2023-2024,-114.0
2023-07-26,0.0,0,0,2023-2024,0.0
2023-07-27,240.25,0,1,2023-2024,162.75
2023-07-28,-12.0,0,1,2023-2024,-42.0
2023-07-31,0.0,0,0,2023-2024,0.0
2023-08-01,0.0,0,0,2023-2024,0.0
2023-08-02,209.0,0,1,2023-2024,181.5
2023-08-03,0.0,0,0,2023-2024,0.0
2023-08-04,-5715.75,0,2,2023-2024,-5858.25
2023-08-07,364.5,0,1,2023-2024,319.5
2023-08-08,-1147.5,0,1,2023-2024,-1172.5
2023-08-09,855.25,0,1,2023-2024,827.75
2023-08-10,-2984.0,0,2,2023-2024,-3031.5
2023-08-11,0.0,0,0,2023-2024,0.0
2023-08-14,342.0,0,1,2023-2024,322.0
2023-08-15,771.75,0,1,2023-2024,754.25
2023-08-16,0.0,0,0,2023-2024,0.0
2023-08-17,1188.0,0,1,2023-2024,1120.5
2023-08-18,0.0,0,0,2023-2024,0.0
2023-08-21,265.0,0,1,2023-2024,240.0
2023-08-22,0.0,0,0,2023-2024,0.0
2023-08-23,1161.0,0,1,2023-2024,1138.5
2023-08-24,1672.0,0,1,2023-2024,1652.0
2023-08-25,0.0,0,0,2023-2024,0.0
2023-08-28,0.0,0,0,2023-2024,0.0
2023-08-29,1830.5,0,1,2023-2024,1813.0
2023-08-30,-94.5,0,1,2023-2024,-112.0
2023-08-31,0.0,0,0,2023-2024,0.0
2023-09-01,0.0,0,0,2023-2024,0.0
2023-09-06,-513.0,0,1,2023-2024,-558.0
2023-09-07,0.0,0,0,2023-2024,0.0
2023-09-08,-256.75,0,1,2023-2024,-289.25
2023-09-11,0.0,0,0,2023-2024,0.0
2023-09-13,0.0,0,0,2023-2024,0.0
2023-09-14,-296.0,0,1,2023-2024,-336.0
2023-09-15,1540.0,0,1,2023-2024,1515.0
2023-09-18,0.0,0,0,2023-2024,0.0
2023-09-19,-1491.75,0,1,2023-2024,-1524.25
2023-09-20,0.0,0,0,2023-2024,0.0
2023-09-21,1194.75,0,1,2023-2024,1172.25
2023-09-22,-1672.5,0,1,2023-2024,-1697.5
2023-09-25,0.0,0,0,2023-2024,0.0
2023-09-26,649.0,0,1,2023-2024,621.5
2023-09-27,-1242.0,0,1,2023-2024,-1272.0
2023-09-28,-533.5,0,1,2023-2024,-561.0
2023-09-29,-890.5,0,1,2023-2024,-923.0
2023-10-02,-1335.0,0,1,2023-2024,-1360.0
2023-10-03,-7.0,0,1,2023-2024,-24.5
2023-10-04,272.0,0,1,2023-2024,252.0
2023-10-05,-1048.0,0,1,2023-2024,-1068.0
2023-10-06,203.0,0,1,2023-2024,185.5
2023-10-09,47.25,0,1,2023-2024,24.75
2023-10-10,241.5,0,1,2023-2024,226.5
2023-10-11,0.0,0,0,2023-2024,0.0
2023-10-12,504.0,0,1,2023-2024,489.0
2023-10-13,-1564.5,0,1,2023-2024,-1582.0
2023-10-16,-368.0,0,1,2023-2024,-388.0
2023-10-17,0.0,0,0,2023-2024,0.0
2023-10-18,726.75,0,1,2023-2024,684.25
2023-10-19,432.25,0,1,2023-2024,384.75
2023-10-20,1902.5,0,1,2023-2024,1877.5
2023-10-23,-2224.75,0,1,2023-2024,-2252.25
2023-10-24,-128.0,0,1,2023-2024,-148.0
2023-10-25,1012.0,0,1,2023-2024,992.0
2023-10-26,1122.0,0,1,2023-2024,1102.0
2023-10-27,-1165.5,0,1,2023-2024,-1210.5
2023-10-30,272.25,0,1,2023-2024,249.75
2023-10-31,-1428.0,0,1,2023-2024,-1448.0
2023-11-01,609.75,0,1,2023-2024,587.25
2023-11-02,1292.0,0,1,2023-2024,1272.0
2023-11-03,-48.0,0,1,2023-2024,-68.0
2023-11-06,0.0,0,0,2023-2024,0.0
2023-11-07,-185.0,0,1,2023-2024,-210.0
2023-11-08,0.0,0,0,2023-2024,0.0
2023-11-09,-91.0,0,1,2023-2024,-156.0
2023-11-10,1297.5,0,1,2023-2024,1260.0
2023-11-13,0.0,0,0,2023-2024,0.0
2023-11-14,255.5,0,1,2023-2024,238.0
2023-11-15,0.0,0,0,2023-2024,0.0
2023-11-16,0.0,0,0,2023-2024,0.0
2023-11-17,0.0,0,0,2023-2024,0.0
2023-11-20,822.0,0,1,2023-2024,802.0
2023-11-21,0.0,0,0,2023-2024,0.0
2023-11-22,0.0,0,0,2023-2024,0.0
2023-11-28,-1618.5,0,1,2023-2024,-1683.5
2023-11-29,-3055.75,0,1,2023-2024,-3098.25
2023-11-30,-2570.0,0,1,2023-2024,-2620.0
2023-12-01,484.0,0,1,2023-2024,444.0
2023-12-04,-1554.0,0,1,2023-2024,-1589.0
2023-12-05,-591.5,0,1,2023-2024,-626.5
2023-12-06,0.0,0,0,2023-2024,0.0
2023-12-07,133.25,0,1,2023-2024,100.75
2023-12-08,22.5,0,1,2023-2024,-15.0
2023-12-11,331.5,0,1,2023-2024,266.5
2023-12-13,666.0,0,1,2023-2024,606.0
2023-12-14,-400.75,0,1,2023-2024,-418.25
2023-12-15,0.0,0,0,2023-2024,0.0
2023-12-18,-222.5,0,1,2023-2024,-247.5
2023-12-19,564.75,0,1,2023-2024,542.25
2023-12-20,2682.75,0,1,2023-2024,2630.25
2023-12-21,0.0,0,0,2023-2024,0.0
2023-12-22,-498.0,0,1,2023-2024,-518.0
2023-12-26,372.0,0,1,2023-2024,352.0
2023-12-27,0.0,0,0,2023-2024,0.0
2023-12-28,0.0,0,0,2023-2024,0.0
2023-12-29,-56.0,0,1,2023-2024,-96.0
2024-01-02,0.0,0,0,2023-2024,0.0
2024-01-03,924.0,0,1,2023-2024,884.0
2024-01-04,-2205.75,0,1,2023-2024,-2248.25
2024-01-05,-154.0,0,1,2023-2024,-189.0
2024-01-08,2684.0,0,1,2023-2024,2656.5
2024-01-09,0.0,0,0,2023-2024,0.0
2024-01-10,979.0,0,1,2023-2024,951.5
2024-01-11,-66.0,0,1,2023-2024,-93.5
2024-01-12,0.0,0,0,2023-2024,0.0
2024-01-17,0.0,0,0,2023-2024,0.0
2024-01-18,1310.0,0,1,2023-2024,1210.0
2024-01-19,1616.25,0,1,2023-2024,1578.75
2024-01-22,-760.0,0,1,2023-2024,-785.0
2024-01-23,0.0,0,0,2023-2024,0.0
2024-01-24,0.0,0,0,2023-2024,0.0
2024-01-25,0.0,0,0,2023-2024,0.0
2024-01-26,0.0,0,0,2023-2024,0.0
2024-01-29,0.0,0,0,2023-2024,0.0
2024-01-30,0.0,0,0,2023-2024,0.0
2024-01-31,3074.5,0,1,2023-2024,3042.0
2024-02-01,2103.0,0,1,2023-2024,2073.0
2024-02-02,1314.25,0,1,2023-2024,1296.75
2024-02-05,-718.0,0,1,2023-2024,-738.0
2024-02-06,0.0,0,0,2023-2024,0.0
2024-02-07,302.0,0,1,2023-2024,282.0
2024-02-08,0.0,0,0,2023-2024,0.0
2024-02-09,1428.0,0,1,2023-2024,1385.5
2024-02-12,-2634.5,0,1,2023-2024,-2689.5
2024-02-13,-235.0,0,1,2023-2024,-260.0
2024-02-14,0.0,0,0,2023-2024,0.0
2024-02-15,444.0,0,1,2023-2024,404.0
2024-02-16,42.0,0,1,2023-2024,22.0
2024-02-21,0.0,0,0,2023-2024,0.0
2024-02-22,972.0,0,1,2023-2024,952.0
2024-02-23,0.0,0,0,2023-2024,0.0
2024-02-26,0.0,0,0,2023-2024,0.0
2024-02-27,-1361.5,0,1,2023-2024,-1396.5
2024-02-28,0.0,0,0,2023-2024,0.0
2024-02-29,0.0,0,0,2023-2024,0.0
2024-03-01,1077.5,0,1,2023-2024,1052.5
2024-03-04,0.0,0,0,2023-2024,0.0
2024-03-05,1104.75,0,1,2023-2024,1082.25
2024-03-06,0.0,0,0,2023-2024,0.0
2024-03-07,190.0,0,1,2023-2024,165.0
2024-03-08,-1479.25,0,2,2023-2024,-1524.25
2024-03-11,-680.75,0,1,2023-2024,-698.25
2024-03-13,-36.0,0,1,2023-2024,-51.0
2024-03-14,-351.0,0,1,2023-2024,-366.0
2024-03-15,-672.75,0,1,2023-2024,-695.25
2024-03-18,0.0,0,0,2023-2024,0.0
2024-03-19,633.0,0,1,2023-2024,603.0
2024-03-20,1501.5,0,1,2023-2024,1449.0
2024-03-21,0.0,0,0,2023-2024,0.0
2024-03-22,-110.0,0,1,2023-2024,-135.0
2024-03-25,0.0,0,0,2023-2024,0.0
2024-03-26,0.0,0,0,2023-2024,0.0
2024-03-27,0.0,0,0,2023-2024,0.0
2024-03-28,0.0,0,0,2023-2024,0.0
2024-04-01,68.25,0,1,2023-2024,35.75
2024-04-02,-735.0,0,1,2023-2024,-760.0
2024-04-03,-660.0,0,1,2023-2024,-685.0
2024-04-04,3225.75,0,1,2023-2024,3168.25
2024-04-05,736.5,0,1,2023-2024,721.5
2024-04-08,0.0,0,0,2023-2024,0.0
2024-04-09,-1407.0,0,1,2023-2024,-1424.5
2024-04-10,0.0,0,0,2023-2024,0.0
2024-04-11,-54.0,0,1,2023-2024,-76.5
2024-04-12,572.0,0,1,2023-2024,552.0
2024-04-15,834.75,0,1,2023-2024,812.25
2024-04-16,0.0,0,0,2023-2024,0.0
2024-04-17,395.5,0,1,2023-2024,378.0
2024-04-18,0.0,0,0,2023-2024,0.0
2024-04-19,675.5,0,1,2023-2024,658.0
2024-04-22,-1056.0,0,1,2023-2024,-1083.5
2024-04-23,736.5,0,1,2023-2024,721.5
2024-04-24,-637.0,0,1,2023-2024,-654.5
2024-04-25,-1348.75,0,1,2023-2024,-1361.25
2024-04-26,63.75,0,1,2023-2024,51.25
2024-04-29,0.0,0,0,2023-2024,0.0
2024-04-30,1576.75,0,1,2023-2024,1559.25
2024-05-01,-5071.5,0,1,2023-2024,-5106.5
2024-05-02,0.0,0,0,2023-2024,0.0
2024-05-03,0.0,0,0,2023-2024,0.0
2024-05-06,0.0,0,0,2023-2024,0.0
2024-05-07,0.0,0,0,2023-2024,0.0
2024-05-08,0.0,0,0,2023-2024,0.0
2024-05-09,558.0,0,1,2023-2024,528.0
2024-05-10,0.0,0,0,2023-2024,0.0
2024-05-13,0.0,0,0,2023-2024,0.0
2024-05-14,-140.0,0,1,2023-2024,-240.0
2024-05-15,1677.0,0,1,2023-2024,1644.5
2024-05-16,-1974.0,0,1,2023-2024,-2009.0
2024-05-17,0.0,0,0,2023-2024,0.0
2024-05-20,-760.5,0,1,2023-2024,-793.0
2024-05-21,0.0,0,0,2023-2024,0.0
2024-05-22,-2690.0,0,1,2023-2024,-2790.0
2024-05-23,705.0,0,1,2023-2024,655.0
2024-05-24,3.25,0,1,2023-2024,-29.25
2024-05-29,0.0,0,0,2023-2024,0.0
2024-05-30,0.0,0,0,2023-2024,0.0
2024-05-31,-4002.0,0,1,2023-2024,-4032.0
2024-06-03,-738.0,0,1,2023-2024,-758.0
2024-06-04,0.0,0,0,2023-2024,0.0
2024-06-05,879.75,0,1,2023-2024,857.25
2024-06-06,0.0,0,0,2023-2024,0.0
2024-06-07,0.0,0,0,2023-2024,0.0
2024-06-10,0.0,0,0,2023-2024,0.0
2024-06-11,-2147.5,0,1,2023-2024,-2172.5
2024-06-12,-661.5,0,1,2023-2024,-684.0
2024-06-13,0.0,0,0,2023-2024,0.0
2024-06-14,0.0,0,0,2023-2024,0.0
2024-06-17,869.0,0,1,2023-2024,841.5
2024-06-21,-103.25,0,1,2023-2024,-120.75
2024-06-24,-1092.0,0,1,2023-2024,-1109.5
2024-06-25,0.0,0,0,2023-2024,0.0
2024-06-26,0.0,0,0,2023-2024,0.0
2024-06-27,0.0,0,0,2023-2024,0.0
2024-06-28,-703.0,0,2,2023-2024,-823.0
